years,popChange,gdpChange,afterGdp,afterPopulation,beforePercent,afterPercent,flagChina,flagEU30,flagNafta,flagRow,flagSword,beforeYear,afterYear,afterTotalConsumption,beforeTotalConsumption
1,0.00647942753289807,0.0894477911861378,10045.4037865323,1325.781,-0.105322411919442,-0.0963346140969999,1,0,0,0,0,2007,2008,73.1927338692644,65.3531375094667
1,0.00661723165439853,0.0867956775407141,10989.5437268541,1334.554,-0.0963346140969999,-0.0857680113189934,1,0,0,0,0,2008,2009,85.0249586046434,73.1927338692644
1,0.00685172724370839,0.0988298283290366,12158.3774277246,1343.698,-0.0857680113189934,-0.093277627059526,1,0,0,0,0,2009,2010,85.5930434733828,85.0249586046434
1,0.00668825882006214,0.088229958183914,13319.6036516575,1352.685,-0.093277627059526,-0.0915744809013993,1,0,0,0,0,2010,2011,91.2776283930021,85.5930434733828
1,0.00652110432214458,0.0716490293826767,14367.0221790085,1361.506,-0.0915744809013993,-0.0888796136285185,1,0,0,0,0,2011,2012,99.5149312976085,91.2776283930021
1,0.00742560076856062,0.0697182007066896,15482.7866863306,1371.616,-0.0888796136285185,-0.0679209904632757,1,0,0,0,0,2012,2013,115.418197195441,99.5149312976085
1,0.00653900216970351,0.0672786988723915,16632.5018336394,1380.585,-0.0679209904632757,-0.0635540642328291,1,0,0,0,0,2013,2014,129.206428560052,115.418197195441
1,0.00667108508349724,0.0629092420105149,17796.7769619942,1389.795,-0.0635540642328291,-0.0517229353304451,1,0,0,0,0,2014,2015,141.597597897524,129.206428560052
1,0.00564183926406405,0.0620083197627991,19006.9577954098,1397.636,-0.0517229353304451,-0.055508052936097,1,0,0,0,0,2015,2016,155.58815181182,141.597597897524
1,0.00608670640996659,0.0625326755529145,20318.4378832931,1406.143,-0.055508052936097,-0.0379153473879071,1,0,0,0,1,2016,2017,152.948706065386,155.58815181182
1,0.00587849173234876,0.0607643057983916,21679.7732214737,1414.409,-0.0379153473879071,-9.77184061066998e-05,1,0,0,0,1,2017,2018,162.003778312903,152.948706065386
1,0.00376199529273351,0.0560272305297477,22980.5596147621,1419.73,-9.77184061066998e-05,0.000296989627617951,1,0,0,0,1,2018,2019,173.334716814495,162.003778312903
1,0.00300620540525313,0.0199338692891409,23509.1124859016,1423.998,0.000296989627617951,0.000184800401296593,1,0,0,0,1,2019,2020,196.815838844558,173.334716814495
1,0.0049862204724412,0.0201025544275266,336.225748152439,510.533,0.0227419428473042,0.0227601693768727,0,1,0,0,0,2007,2008,88.0675045870601,89.714967261113
1,0.00438757142045657,-0.049341115312794,321.038420497197,512.773,0.0227601693768727,0.0359867140018507,0,1,0,0,0,2008,2009,86.2337197511394,88.0675045870601
1,0.00343621836563147,0.0193232430879719,328.36639864608,514.535,0.0359867140018507,0.0169298254885595,0,1,0,0,0,2009,2010,87.6550214887223,86.2337197511394
1,0.00322621396017757,-0.0314694677311023,319.058924986387,516.195,0.0169298254885595,0.016962862304159,0,1,0,0,0,2010,2011,89.5837899731947,87.6550214887223
1,0.00290200408760265,-0.0554760958357528,302.233325902299,517.693,0.016962862304159,0.0179117331971928,0,1,0,0,0,2011,2012,88.686929260925,89.5837899731947
1,0.00236240397301095,-0.00556170373162182,301.262419854749,518.916,0.0179117331971928,0.0257482463295129,0,1,0,0,0,2012,2013,93.8277736309702,88.686929260925
1,0.00175750988599318,0.0179064083419382,307.19590038005,519.828,0.0257482463295129,-0.00296446348447447,0,1,0,0,0,2013,2014,95.8906434465302,93.8277736309702
1,0.0021199319775002,0.0556277200138122,324.971969013921,520.93,-0.00296446348447447,0.0302433680424597,0,1,0,0,0,2014,2015,99.1674245669127,95.8906434465302
1,0.00180638473499324,0.017984439626858,331.413989480156,521.871,0.0302433680424597,0.000736235635585734,0,1,0,0,0,2015,2016,102.872404348839,99.1674245669127
1,0.00220169352196233,0.091951652243077,362.684819972149,523.02,0.000736235635585734,0.025262629356159,0,1,0,0,1,2016,2017,100.804083577276,102.872404348839
1,0.00198845168444794,0.087315970222438,395.137148793946,524.06,0.025262629356159,0.0152326922771075,0,1,0,0,1,2017,2018,103.017765438506,100.804083577276
1,0.00207037362134092,0.0285733000761075,407.268977936362,525.145,0.0152326922771075,0.0130432940778785,0,1,0,0,1,2018,2019,101.180879854444,103.017765438506
1,0.00222795608831882,-0.0582365900440283,384.405556264009,526.315,0.0130432940778785,0.0100535134542088,0,1,0,0,1,2019,2020,98.6264879950901,101.180879854444
1,0.0107670565213845,0.000661664929148788,1936.09674660705,446.286,0.0177256884829106,0.0218384759386983,0,0,1,0,0,2007,2008,76.2308589057717,77.4160001357911
1,0.0103610689109673,-0.0625702159962542,1833.75962626886,450.91,0.0218384759386983,0.0285717177547373,0,0,1,0,0,2008,2009,72.6169997831506,76.2308589057717
1,0.00995985895189737,0.0408148129167912,1927.61361080059,455.401,0.0285717177547373,0.0278125965926129,0,0,1,0,0,2009,2010,75.1746674942002,72.6169997831506
1,0.0100043697752091,0.0263619744088856,1998.22224988488,459.957,0.0278125965926129,0.0307749335277293,0,0,1,0,0,2010,2011,73.0387183444178,75.1746674942002
1,0.010409668729903,0.0257455553639757,2071.00395208222,464.745,0.0307749335277293,0.0271024424792472,0,0,1,0,0,2011,2012,81.5936424067054,73.0387183444178
1,0.0101302865011995,0.00337642910740279,2099.04725050867,469.453,0.0271024424792472,0.0245118921972823,0,0,1,0,0,2012,2013,83.9847512966887,81.5936424067054
1,0.00969639133203967,0.0186207868388627,2158.86533778313,474.005,0.0245118921972823,0.0291991931304118,0,0,1,0,0,2013,2014,80.603873623778,83.9847512966887
1,0.009236189491672,0.0234784739127979,2229.96004412044,478.383,0.0291991931304118,0.0213960291923616,0,0,1,0,0,2014,2015,86.9334433168578,80.603873623778
1,0.00880675107602072,0.0173458130291122,2288.61986639687,482.596,0.0213960291923616,0.00120485870911231,0,0,1,0,0,2015,2016,80.6444077344036,86.9334433168578
1,0.00931006473323441,0.0117121852486715,2336.98135920488,487.089,0.00120485870911231,0.0176468996426096,0,0,1,0,1,2016,2017,87.4035344019167,80.6444077344036
1,0.00860623007294356,0.0132298315826102,2388.27791455317,491.281,0.0176468996426096,0.00951360573390144,0,0,1,0,1,2017,2018,89.8646487896233,87.4035344019167
1,0.0077694842666416,-0.00825066011909203,2386.97563621941,495.098,0.00951360573390144,0.00874434889895169,0,0,1,0,1,2018,2019,91.2325741137388,89.8646487896233
1,0.00738843622878706,-0.0891246770028384,2190.30141655297,498.756,0.00874434889895169,0.00341038935388831,0,0,1,0,1,2019,2020,97.4676470946098,91.2325741137388
1,0.0157001073678051,0.00383552305451261,1468.75177439806,4485.935,0.030799086240598,0.0323580399160906,0,0,0,1,0,2007,2008,104.51179001477,112.685340139254
1,0.0157144497189536,-0.0338678953900574,1441.30717663338,4556.429,0.0323580399160906,0.0196900641205976,0,0,0,1,0,2008,2009,107.382127709182,104.51179001477
1,0.0157763897999955,0.0588004639141479,1550.13237273288,4628.313,0.0196900641205976,0.0384900264969996,0,0,0,1,0,2009,2010,114.552508046304,107.382127709182
1,0.0155814872503219,0.0552337017974861,1661.23936967167,4700.429,0.0384900264969996,0.0348272899947443,0,0,0,1,0,2010,2011,131.83174007202,114.552508046304
1,0.0154496536379971,0.0197423090318653,1720.20834122597,4773.049,0.0348272899947443,0.0378620777144459,0,0,0,1,0,2011,2012,133.244801488408,131.83174007202
1,0.0153704686459342,0.0415282119829381,1819.18394913235,4846.41300000001,0.0378620777144459,0.0245566381874991,0,0,0,1,0,2012,2013,137.021706607743,133.244801488408
1,0.0152597395228186,0.0250534462839641,1893.21654020408,4920.36800000001,0.0245566381874991,0.0434508017660675,0,0,0,1,0,2013,2014,141.361946117109,137.021706607743
1,0.0149921713172669,0.0291466843836024,1977.60823466273,4994.13500000001,0.0434508017660675,0.0169192729958269,0,0,0,1,0,2014,2015,145.671506666268,141.361946117109
1,0.0147615152573963,0.0163883079067115,2039.68879704271,5067.856,0.0169192729958269,0.0584133569734724,0,0,0,1,0,2015,2016,144.889668365466,145.671506666268
1,0.014381821425076,0.0388900412073485,2149.48763603368,5140.741,0.0584133569734724,0.0106279651528595,0,0,0,1,1,2016,2017,160.908103988267,144.889668365466
1,0.014037081424642,0.0150943541402943,2212.56073149836,5212.902,0.0106279651528595,-0.0155175692436927,0,0,0,1,1,2017,2018,155.201112312027,160.908103988267
1,0.0138224351810179,0.000695168952787354,2244.70307265655,5284.957,-0.0155175692436927,-0.0129735465498935,0,0,0,1,1,2018,2019,167.184819868535,155.201112312027
1,0.0134248963615032,-0.00853592355322024,2255.42013568658,5355.907,-0.0129735465498935,-0.00880956627439443,0,0,0,1,1,2019,2020,154.413617382487,167.184819868535
2,0.0131395350602697,0.184007150367373,10989.5437268541,1334.554,-0.105322411919442,-0.0857680113189934,1,0,0,0,0,2007,2009,85.0249586046434,65.3531375094667
2,0.0135142983645113,0.194203507780802,12158.3774277246,1343.698,-0.0963346140969999,-0.093277627059526,1,0,0,0,0,2008,2010,85.5930434733828,73.1927338692644
2,0.0135858121889409,0.195779538133745,13319.6036516575,1352.685,-0.0857680113189934,-0.0915744809013993,1,0,0,0,0,2009,2011,91.2776283930021,85.0249586046434
2,0.0132529779757058,0.166200578432942,14367.0221790085,1361.506,-0.093277627059526,-0.0888796136285185,1,0,0,0,0,2010,2012,99.5149312976085,85.5930434733828
2,0.0139951282079716,0.146362471500307,15482.7866863306,1371.616,-0.0915744809013993,-0.0679209904632757,1,0,0,0,0,2011,2013,115.418197195441,91.2776283930021
2,0.0140131589578011,0.141687449410351,16632.5018336394,1380.585,-0.0888796136285185,-0.0635540642328291,1,0,0,0,0,2012,2014,129.206428560052,99.5149312976085
2,0.013253709493036,0.134420392832422,17796.7769619942,1389.795,-0.0679209904632757,-0.0517229353304451,1,0,0,0,0,2013,2015,141.597597897524,115.418197195441
2,0.0123505615373193,0.128818458167937,19006.9577954098,1397.636,-0.0635540642328291,-0.055508052936097,1,0,0,0,0,2014,2016,155.58815181182,129.206428560052
2,0.0117628858932432,0.128418541457022,20318.4378832931,1406.143,-0.0517229353304451,-0.0379153473879071,1,0,0,0,1,2015,2017,152.948706065386,141.597597897524
2,0.0120009787956236,0.127096735970995,21679.7732214737,1414.409,-0.055508052936097,-9.77184061066998e-05,1,0,0,0,1,2016,2018,162.003778312903,155.58815181182
2,0.00966260188330774,0.120195992097086,22980.5596147621,1419.73,-0.0379153473879071,0.000296989627617951,1,0,0,0,1,2017,2019,173.334716814495,152.948706065386
2,0.00677951002857019,0.0770779393089012,23509.1124859016,1423.998,-9.77184061066998e-05,0.000184800401296593,1,0,0,0,1,2018,2020,196.815838844558,162.003778312903
2,0.00939566929133874,-0.0302304433413577,321.038420497197,512.773,0.0227419428473042,0.0359867140018507,0,1,0,0,0,2007,2009,86.2337197511394,89.714967261113
2,0.00783886643958352,-0.0309713025902429,328.36639864608,514.535,0.0227601693768727,0.0169298254885595,0,1,0,0,0,2008,2010,87.6550214887223,88.0675045870601
2,0.00667351830147046,-0.0127543168179476,319.058924986387,516.195,0.0359867140018507,0.016962862304159,0,1,0,0,0,2009,2011,89.5837899731947,86.2337197511394
2,0.00613758053388014,-0.0851997603591044,302.233325902299,517.693,0.0169298254885595,0.0179117331971928,0,1,0,0,0,2010,2012,88.686929260925,87.6550214887223
2,0.00527126376659984,-0.0607292579581492,301.262419854749,518.916,0.016962862304159,0.0257482463295129,0,1,0,0,0,2011,2013,93.8277736309702,89.5837899731947
2,0.0041240658073414,0.012245114472221,307.19590038005,519.828,0.0179117331971928,-0.00296446348447447,0,1,0,0,0,2012,2014,95.8906434465302,88.686929260925
2,0.00388116766490147,0.0745302210254487,324.971969013921,520.93,0.0257482463295129,0.0302433680424597,0,1,0,0,0,2013,2015,99.1674245669127,93.8277736309702
2,0.00393014612525683,0.0746125930128383,331.413989480156,521.871,-0.00296446348447447,0.000736235635585734,0,1,0,0,0,2014,2016,102.872404348839,95.8906434465302
2,0.00401205536252478,0.11158979080829,362.684819972149,523.02,0.0302433680424597,0.025262629356159,0,1,0,0,1,2015,2017,100.804083577276,99.1674245669127
2,0.00419452316760265,0.187296470194676,395.137148793946,524.06,0.000736235635585734,0.0152326922771075,0,1,0,0,1,2016,2018,103.017765438506,102.872404348839
2,0.00406294214370366,0.118384175717148,407.268977936362,525.145,0.025262629356159,0.0130432940778785,0,1,0,0,1,2017,2019,101.180879854444,100.804083577276
2,0.0043029424111745,-0.031327301530658,384.405556264009,526.315,0.0152326922771075,0.0100535134542088,0,1,0,0,1,2018,2020,98.6264879950901,103.017765438506
2,0.0212396836469382,-0.0619499515846394,1833.75962626886,450.91,0.0177256884829106,0.0285717177547373,0,0,1,0,0,2007,2009,72.6169997831506,77.4160001357911
2,0.0204241226478088,-0.0243091947395134,1927.61361080059,455.401,0.0218384759386983,0.0278125965926129,0,0,1,0,0,2008,2010,75.1746674942002,76.2308589057717
2,0.0200638708389701,0.0682527463792926,1998.22224988488,459.957,0.0285717177547373,0.0307749335277293,0,0,1,0,0,2009,2011,73.0387183444178,72.6169997831506
2,0.0205181806803235,0.052786233444509,2071.00395208222,464.745,0.0278125965926129,0.0271024424792472,0,0,1,0,0,2010,2012,81.5936424067054,75.1746674942002
2,0.0206454081577191,0.0292089125138957,2099.04725050867,469.453,0.0307749335277293,0.0245118921972823,0,0,1,0,0,2011,2013,83.9847512966887,73.0387183444178
2,0.0199249050554605,0.022060087712951,2158.86533778313,474.005,0.0271024424792472,0.0291991931304118,0,0,1,0,0,2012,2014,80.603873623778,81.5936424067054
2,0.0190221385314398,0.0425364484096926,2229.96004412044,478.383,0.0245118921972823,0.0213960291923616,0,0,1,0,0,2013,2015,86.9334433168578,83.9847512966887
2,0.0181242813894368,0.0412315401606103,2288.61986639687,482.596,0.0291991931304118,0.00120485870911231,0,0,1,0,0,2014,2016,80.6444077344036,80.603873623778
2,0.0181988072318624,0.0292611556532695,2336.98135920488,487.089,0.0213960291923616,0.0176468996426096,0,0,1,0,1,2015,2017,87.4035344019167,86.9334433168578
2,0.0179964193652662,0.025096967069586,2388.27791455317,491.281,0.00120485870911231,0.00951360573390144,0,0,1,0,1,2016,2018,89.8646487896233,80.6444077344036
2,0.016442580308732,0.00487001661969725,2386.97563621941,495.098,0.0176468996426096,0.00874434889895169,0,0,1,0,1,2017,2019,91.2325741137388,87.4035344019167
2,0.0152153248344633,-0.0966399997037562,2190.30141655297,498.756,0.00951360573390144,0.00341038935388831,0,0,1,0,1,2018,2020,97.4676470946098,89.8646487896233
2,0.0316612756345723,-0.0301622734291212,1441.30717663338,4556.429,0.030799086240598,0.0196900641205976,0,0,0,1,0,2007,2009,107.382127709182,112.685340139254
2,0.0317387568032078,0.0229411205633593,1550.13237273288,4628.313,0.0323580399160906,0.0384900264969996,0,0,0,1,0,2008,2010,114.552508046304,104.51179001477
2,0.0316036966668421,0.117281933001022,1661.23936967167,4700.429,0.0196900641205976,0.0348272899947443,0,0,0,1,0,2009,2011,131.83174007202,107.382127709182
2,0.0312718694695013,0.0760664516392112,1720.20834122597,4773.049,0.0384900264969996,0.0378620777144459,0,0,0,1,0,2010,2012,133.244801488408,114.552508046304
2,0.0310575907007647,0.0620903838093114,1819.18394913235,4846.41300000001,0.0348272899947443,0.0245566381874991,0,0,0,1,0,2011,2013,137.021706607743,131.83174007202
2,0.0308647575166334,0.0676220830950858,1893.21654020408,4920.36800000001,0.0378620777144459,0.0434508017660675,0,0,0,1,0,2012,2014,141.361946117109,133.244801488408
2,0.0304806874692684,0.0549303555591267,1977.60823466273,4994.13500000001,0.0245566381874991,0.0169192729958269,0,0,0,1,0,2013,2015,145.671506666268,137.021706607743
2,0.0299749937403045,0.046012657128452,2039.68879704271,5067.856,0.0434508017660675,0.0584133569734724,0,0,0,1,0,2014,2016,144.889668365466,141.361946117109
2,0.0293556341588677,0.0559156910838707,2149.48763603368,5140.741,0.0169192729958269,0.0106279651528595,0,0,0,1,1,2015,2017,160.908103988267,145.671506666268
2,0.0286207816480965,0.0545714154021572,2212.56073149836,5212.902,0.0584133569734724,-0.0155175692436927,0,0,0,1,1,2016,2018,155.201112312027,144.889668365466
2,0.0280535432537827,0.0158000162194423,2244.70307265655,5284.957,0.0106279651528595,-0.0129735465498935,0,0,0,1,1,2017,2019,167.184819868535,160.908103988267
2,0.0274328963022898,-0.00784668850947046,2255.42013568658,5355.907,-0.0155175692436927,-0.00880956627439443,0,0,0,1,1,2018,2020,154.413617382487,155.201112312027
3,0.0200812908143202,0.301022373778532,12158.3774277246,1343.698,-0.105322411919442,-0.093277627059526,1,0,0,0,0,2007,2010,85.5930434733828,65.3531375094667
3,0.0202929443098068,0.299568033335386,13319.6036516575,1352.685,-0.0963346140969999,-0.0915744809013993,1,0,0,0,0,2008,2011,91.2776283930021,73.1927338692644
3,0.0201955110096706,0.281455981396693,14367.0221790085,1361.506,-0.0857680113189934,-0.0888796136285185,1,0,0,0,0,2009,2012,99.5149312976085,85.0249586046434
3,0.0207769900677086,0.247505984424388,15482.7866863306,1371.616,-0.093277627059526,-0.0679209904632757,1,0,0,0,0,2010,2013,115.418197195441,85.5930434733828
3,0.0206256445513923,0.223488247018987,16632.5018336394,1380.585,-0.0915744809013993,-0.0635540642328291,1,0,0,0,0,2011,2014,129.206428560052,91.2776283930021
3,0.0207777270169944,0.213510141465675,17796.7769619942,1389.795,-0.0888796136285185,-0.0517229353304451,1,0,0,0,0,2012,2015,141.597597897524,99.5149312976085
3,0.0189703240557124,0.204763895296615,19006.9577954098,1397.636,-0.0679209904632757,-0.055508052936097,1,0,0,0,0,2013,2016,155.58815181182,115.418197195441
3,0.0185124421893617,0.199406496570694,20318.4378832931,1406.143,-0.0635540642328291,-0.0379153473879071,1,0,0,0,1,2014,2017,152.948706065386,129.206428560052
3,0.017710525653064,0.196986110778692,21679.7732214737,1414.409,-0.0517229353304451,-9.77184061066998e-05,1,0,0,0,1,2015,2018,162.003778312903,141.597597897524
3,0.0158081217140944,0.190244844626568,22980.5596147621,1419.73,-0.055508052936097,0.000296989627617951,1,0,0,0,1,2016,2019,173.334716814495,155.58815181182
3,0.0126978550545713,0.142525832581769,23509.1124859016,1423.998,-0.0379153473879071,0.000184800401296593,1,0,0,0,1,2017,2020,196.815838844558,152.948706065386
3,0.0128641732283465,-0.011491350458728,328.36639864608,514.535,0.0227419428473042,0.0169298254885595,0,1,0,0,0,2007,2010,87.6550214887223,89.714967261113
3,0.0110903702601005,-0.0614661199138913,319.058924986387,516.195,0.0227601693768727,0.016962862304159,0,1,0,0,0,2008,2011,89.5837899731947,88.0675045870601
3,0.00959488896646266,-0.0675228529515884,302.233325902299,517.693,0.0359867140018507,0.0179117331971928,0,1,0,0,0,2009,2012,88.686929260925,86.2337197511394
3,0.008514483951529,-0.0902876082656037,301.262419854749,518.916,0.0169298254885595,0.0257482463295129,0,1,0,0,0,2010,2013,93.8277736309702,87.6550214887223
3,0.00703803795077449,-0.0439102925075125,307.19590038005,519.828,0.016962862304159,-0.00296446348447447,0,1,0,0,0,2011,2014,95.8906434465302,89.5837899731947
3,0.0062527405238239,0.068554002285431,324.971969013921,520.93,0.0179117331971928,0.0302433680424597,0,1,0,0,0,2012,2015,99.1674245669127,88.686929260925
3,0.00569456328191854,0.0938550449127152,331.413989480156,521.871,0.0257482463295129,0.000736235635585734,0,1,0,0,0,2013,2016,102.872404348839,93.8277736309702
3,0.0061404926244835,0.173424996461586,362.684819972149,523.02,-0.00296446348447447,0.025262629356159,0,1,0,0,1,2014,2017,100.804083577276,95.8906434465302
3,0.00600848482521643,0.208649331882073,395.137148793946,524.06,0.0302433680424597,0.0152326922771075,0,1,0,0,1,2015,2018,103.017765438506,99.1674245669127
3,0.00627358101906388,0.221221448516851,407.268977936362,525.145,0.000736235635585734,0.0130432940778785,0,1,0,0,1,2016,2019,101.180879854444,102.872404348839
3,0.00629995028870803,0.0532532949641797,384.405556264009,526.315,0.025262629356159,0.0100535134542088,0,1,0,0,1,2017,2020,98.6264879950901,100.804083577276
3,0.031411086852142,-0.0236636143519796,1927.61361080059,455.401,0.0177256884829106,0.0278125965926129,0,0,1,0,0,2007,2010,75.1746674942002,77.4160001357911
3,0.0306328228983208,0.00141194129974852,1998.22224988488,459.957,0.0218384759386983,0.0307749335277293,0,0,1,0,0,2008,2011,73.0387183444178,76.2308589057717
3,0.0306823978177464,0.0957555066039199,2071.00395208222,464.745,0.0285717177547373,0.0271024424792472,0,0,1,0,0,2009,2012,81.5936424067054,72.6169997831506
3,0.0308563222302981,0.056340891526984,2099.04725050867,469.453,0.0278125965926129,0.0245118921972823,0,0,1,0,0,2010,2013,83.9847512966887,75.1746674942002
3,0.0305419854464657,0.0483735922864747,2158.86533778313,474.005,0.0307749335277293,0.0291991931304118,0,0,1,0,0,2011,2014,80.603873623778,73.0387183444178
3,0.0293451247458283,0.0460564988196314,2229.96004412044,478.383,0.0271024424792472,0.0213960291923616,0,0,1,0,0,2012,2015,86.9334433168578,81.5936424067054
3,0.0279964128464405,0.0606200907198418,2288.61986639687,482.596,0.0245118921972823,0.00120485870911231,0,0,1,0,0,2013,2016,80.6444077344036,83.9847512966887
3,0.0276030843556503,0.053426636845731,2336.98135920488,487.089,0.0291991931304118,0.0176468996426096,0,0,1,0,1,2014,2017,87.4035344019167,80.603873623778
3,0.0269616604268965,0.042878107397085,2388.27791455317,491.281,0.0213960291923616,0.00951360573390144,0,0,1,0,1,2015,2018,89.8646487896233,86.9334433168578
3,0.0259057265290221,0.0166392404051828,2386.97563621941,495.098,0.00120485870911231,0.00874434889895169,0,0,1,0,1,2016,2019,91.2325741137388,80.6444077344036
3,0.0239525014935668,-0.0846886990413701,2190.30141655297,498.756,0.0176468996426096,0.00341038935388831,0,0,1,0,1,2017,2020,97.4676470946098,87.4035344019167
3,0.0479371660605439,0.026864634814689,1550.13237273288,4628.313,0.030799086240598,0.0384900264969996,0,0,0,1,0,2007,2010,114.552508046304,112.685340139254
3,0.0478147810879999,0.0794419453729422,1661.23936967167,4700.429,0.0323580399160906,0.0348272899947443,0,0,0,1,0,2008,2011,131.83174007202,104.51179001477
3,0.0475416164720223,0.139339658198048,1720.20834122597,4773.049,0.0196900641205976,0.0378620777144459,0,0,0,1,0,2009,2012,133.244801488408,107.382127709182
3,0.0471230014046163,0.120753567350612,1819.18394913235,4846.41300000001,0.0384900264969996,0.0245566381874991,0,0,0,1,0,2010,2013,137.021706607743,114.552508046304
3,0.0467912609678833,0.0886994081887928,1893.21654020408,4920.36800000001,0.0348272899947443,0.0434508017660675,0,0,0,1,0,2011,2014,141.361946117109,131.83174007202
3,0.0463196585662556,0.0987397269920224,1977.60823466273,4994.13500000001,0.0378620777144459,0.0169192729958269,0,0,0,1,0,2012,2015,145.671506666268,133.244801488408
3,0.0456921438597982,0.0722188790461662,2039.68879704271,5067.856,0.0245566381874991,0.0584133569734724,0,0,0,1,0,2013,2016,144.889668365466,137.021706607743
3,0.0447879101725714,0.0866921324675857,2149.48763603368,5140.741,0.0434508017660675,0.0106279651528595,0,0,0,1,1,2014,2017,160.908103988267,141.361946117109
3,0.0438047830104697,0.0718540564673842,2212.56073149836,5212.902,0.0169192729958269,-0.0155175692436927,0,0,0,1,1,2015,2018,155.201112312027,145.671506666268
3,0.0428388257282752,0.0553045207086418,2244.70307265655,5284.957,0.0584133569734724,-0.0129735465498935,0,0,0,1,1,2016,2019,167.184819868535,144.889668365466
3,0.0418550555260408,0.00712922493563329,2255.42013568658,5355.907,0.0106279651528595,-0.00880956627439443,0,0,0,1,1,2017,2020,154.413617382487,160.908103988267
4,0.0269038585047894,0.415811523413349,13319.6036516575,1352.685,-0.105322411919442,-0.0915744809013993,1,0,0,0,0,2007,2011,91.2776283930021,65.3531375094667
4,0.0269463810387991,0.39268082154062,14367.0221790085,1361.506,-0.0963346140969999,-0.0888796136285185,1,0,0,0,0,2008,2012,99.5149312976085,73.1927338692644
4,0.0277710755803062,0.370796786704496,15482.7866863306,1371.616,-0.0857680113189934,-0.0679209904632757,1,0,0,0,0,2009,2013,115.418197195441,85.0249586046434
4,0.0274518530205448,0.331436563891982,16632.5018336394,1380.585,-0.093277627059526,-0.0635540642328291,1,0,0,0,0,2010,2014,129.206428560052,85.5930434733828
4,0.0274343250645938,0.300456965247725,17796.7769619942,1389.795,-0.0915744809013993,-0.0517229353304451,1,0,0,0,0,2011,2015,141.597597897524,91.2776283930021
4,0.0265367908771609,0.288757866353078,19006.9577954098,1397.636,-0.0888796136285185,-0.055508052936097,1,0,0,0,0,2012,2016,155.58815181182,99.5149312976085
4,0.025172497258708,0.280101005079064,20318.4378832931,1406.143,-0.0679209904632757,-0.0379153473879071,1,0,0,0,1,2013,2017,152.948706065386,115.418197195441
4,0.0244997591600663,0.272287599704893,21679.7732214737,1414.409,-0.0635540642328291,-9.77184061066998e-05,1,0,0,0,1,2014,2018,162.003778312903,129.206428560052
4,0.0215391478599361,0.264049927548196,22980.5596147621,1419.73,-0.0517229353304451,0.000296989627617951,1,0,0,0,1,2015,2019,173.334716814495,141.597597897524
4,0.0188618495802913,0.213971029781428,23509.1124859016,1423.998,-0.055508052936097,0.000184800401296593,1,0,0,0,1,2016,2020,196.815838844558,155.58815181182
4,0.0161318897637795,-0.0425991915073826,319.058924986387,516.195,0.0227419428473042,0.016962862304159,0,1,0,0,0,2007,2011,89.5837899731947,89.714967261113
4,0.0140245586475309,-0.113532315390649,302.233325902299,517.693,0.0227601693768727,0.0179117331971928,0,1,0,0,0,2008,2012,88.686929260925,88.0675045870601
4,0.0119799599432886,-0.0727090145799796,301.262419854749,518.916,0.0359867140018507,0.0257482463295129,0,1,0,0,0,2009,2013,93.8277736309702,86.2337197511394
4,0.0102869581272411,-0.0739979267054864,307.19590038005,519.828,0.0169298254885595,-0.00296446348447447,0,1,0,0,0,2010,2014,95.8906434465302,87.6550214887223
4,0.0091728900899854,0.00927479804896719,324.971969013921,520.93,0.016962862304159,0.0302433680424597,0,1,0,0,0,2011,2015,99.1674245669127,89.5837899731947
4,0.00807042011385125,0.0877713472275708,331.413989480156,521.871,0.0179117331971928,0.000736235635585734,0,1,0,0,0,2012,2016,102.872404348839,88.686929260925
4,0.00790879448696907,0.194436823606865,362.684819972149,523.02,0.0257482463295129,0.025262629356159,0,1,0,0,1,2013,2017,100.804083577276,93.8277736309702
4,0.00814115438183394,0.27588373851089,395.137148793946,524.06,-0.00296446348447447,0.0152326922771075,0,1,0,0,1,2014,2018,103.017765438506,95.8906434465302
4,0.00809129825504371,0.243184431928727,407.268977936362,525.145,0.0302433680424597,0.0130432940778785,0,1,0,0,1,2015,2019,101.180879854444,99.1674245669127
4,0.00851551437040969,0.150101675666601,384.405556264009,526.315,0.000736235635585734,0.0100535134542088,0,1,0,0,1,2016,2020,98.6264879950901,102.872404348839
4,0.0417297047552611,0.00207454046093736,1998.22224988488,459.957,0.0177256884829106,0.0307749335277293,0,0,1,0,0,2007,2011,73.0387183444178,77.4160001357911
4,0.0413613691668571,0.0271938478766276,2071.00395208222,464.745,0.0218384759386983,0.0271024424792472,0,0,1,0,0,2008,2012,81.5936424067054,76.2308589057717
4,0.0411235057993835,0.0994552473910142,2099.04725050867,469.453,0.0285717177547373,0.0245118921972823,0,0,1,0,0,2009,2013,83.9847512966887,72.6169997831506
4,0.0408519085377502,0.0760107900972822,2158.86533778313,474.005,0.0278125965926129,0.0291991931304118,0,0,1,0,0,2010,2014,80.603873623778,75.1746674942002
4,0.0400602665031731,0.0729878043238389,2229.96004412044,478.383,0.0307749335277293,0.0213960291923616,0,0,1,0,0,2011,2015,86.9334433168578,73.0387183444178
4,0.0384103110307803,0.0642011992660445,2288.61986639687,482.596,0.0271024424792472,0.00120485870911231,0,0,1,0,0,2012,2016,80.6444077344036,81.5936424067054
4,0.0375671259955736,0.0730422697008154,2336.98135920488,487.089,0.0245118921972823,0.0176468996426096,0,0,1,0,1,2013,2017,87.4035344019167,83.9847512966887
4,0.0364468729232814,0.0673632938358355,2388.27791455317,491.281,0.0291991931304118,0.00951360573390144,0,0,1,0,1,2014,2018,89.8646487896233,80.603873623778
4,0.0349406228900274,0.0342736745873097,2386.97563621941,495.098,0.0213960291923616,0.00874434889895169,0,0,1,0,1,2015,2019,91.2325741137388,86.9334433168578
4,0.0334855655662292,-0.0739684035243401,2190.30141655297,498.756,0.00120485870911231,0.00341038935388831,0,0,1,0,1,2016,2020,97.4676470946098,80.6444077344036
4,0.0642655856526547,0.083582169840428,1661.23936967167,4700.429,0.030799086240598,0.0348272899947443,0,0,0,1,0,2007,2011,131.83174007202,112.685340139254
4,0.0640031565325833,0.100752621840453,1720.20834122597,4773.049,0.0323580399160906,0.0378620777144459,0,0,0,1,0,2008,2012,133.244801488408,104.51179001477
4,0.0636428220433168,0.186654397044265,1819.18394913235,4846.41300000001,0.0196900641205976,0.0245566381874991,0,0,0,1,0,2009,2013,137.021706607743,107.382127709182
4,0.0631018256544027,0.148832306647792,1893.21654020408,4920.36800000001,0.0384900264969996,0.0434508017660675,0,0,0,1,0,2010,2014,141.361946117109,114.552508046304
4,0.0624849348857316,0.120431386227886,1977.60823466273,4994.13500000001,0.0348272899947443,0.0169192729958269,0,0,0,1,0,2011,2015,145.671506666268,131.83174007202
4,0.061764922170295,0.116746211947304,2039.68879704271,5067.856,0.0378620777144459,0.0584133569734724,0,0,0,1,0,2012,2016,144.889668365466,133.244801488408
4,0.0607311015383948,0.113917515435569,2149.48763603368,5140.741,0.0245566381874991,0.0106279651528595,0,0,0,1,1,2013,2017,160.908103988267,137.021706607743
4,0.0594536831391453,0.103095048356523,2212.56073149836,5212.902,0.0434508017660675,-0.0155175692436927,0,0,0,1,1,2014,2018,155.201112312027,141.361946117109
4,0.0582327069652684,0.0725991761293595,2244.70307265655,5284.957,0.0169192729958269,-0.0129735465498935,0,0,0,1,1,2015,2019,167.184819868535,145.671506666268
4,0.056838828885429,0.0462965219945051,2255.42013568658,5355.907,0.0584133569734724,-0.00880956627439443,0,0,0,1,1,2016,2020,154.413617382487,144.889668365466
5,0.033600405694912,0.517253044854724,14367.0221790085,1361.506,-0.105322411919442,-0.0888796136285185,1,0,0,0,0,2007,2012,99.5149312976085,65.3531375094667
5,0.0345720748751114,0.489776022577146,15482.7866863306,1371.616,-0.0963346140969999,-0.0679209904632757,1,0,0,0,0,2008,2013,115.418197195441,73.1927338692644
5,0.0344916728734843,0.463022210932429,16632.5018336394,1380.585,-0.0857680113189934,-0.0635540642328291,1,0,0,0,0,2009,2014,129.206428560052,85.0249586046434
5,0.0343060717512417,0.415196228911512,17796.7769619942,1389.795,-0.093277627059526,-0.0517229353304451,1,0,0,0,0,2010,2015,141.597597897524,85.5930434733828
5,0.0332309443809904,0.381096116586565,19006.9577954098,1397.636,-0.0915744809013993,-0.055508052936097,1,0,0,0,0,2011,2016,155.58815181182,91.2776283930021
5,0.0327850189422595,0.369347343876001,20318.4378832931,1406.143,-0.0888796136285185,-0.0379153473879071,1,0,0,0,1,2012,2017,152.948706065386,99.5149312976085
5,0.0311989653080747,0.357885454004517,21679.7732214737,1414.409,-0.0679209904632757,-9.77184061066998e-05,1,0,0,0,1,2013,2018,162.003778312903,115.418197195441
5,0.028353922431433,0.343570350353699,22980.5596147621,1419.73,-0.0635540642328291,0.000296989627617951,1,0,0,0,1,2014,2019,173.334716814495,129.206428560052
5,0.0246101043679104,0.289247333578889,23509.1124859016,1423.998,-0.0517229353304451,0.000184800401296593,1,0,0,0,1,2015,2020,196.815838844558,141.597597897524
5,0.0190807086614174,-0.0957120505125463,302.233325902299,517.693,0.0227419428473042,0.0179117331971928,0,1,0,0,0,2007,2012,88.686929260925,89.714967261113
5,0.0164200942936105,-0.118462586020103,301.262419854749,518.916,0.0227601693768727,0.0257482463295129,0,1,0,0,0,2008,2013,93.8277736309702,88.0675045870601
5,0.0137585247273159,-0.0561045635432505,307.19590038005,519.828,0.0359867140018507,-0.00296446348447447,0,1,0,0,0,2009,2014,95.8906434465302,86.2337197511394
5,0.0124286977562265,-0.0224865426400496,324.971969013921,520.93,0.0169298254885595,0.0302433680424597,0,1,0,0,0,2010,2015,99.1674245669127,87.6550214887223
5,0.010995844593613,0.0274260397213881,331.413989480156,521.871,0.016962862304159,0.000736235635585734,0,1,0,0,0,2011,2016,102.872404348839,89.5837899731947
5,0.0102898822274978,0.187793719867824,362.684819972149,523.02,0.0179117331971928,0.025262629356159,0,1,0,0,1,2012,2017,100.804083577276,88.686929260925
5,0.00991297242713658,0.298730233729505,395.137148793946,524.06,0.0257482463295129,0.0152326922771075,0,1,0,0,1,2013,2018,103.017765438506,93.8277736309702
5,0.0102283832344543,0.312339947433588,407.268977936362,525.145,-0.00296446348447447,0.0130432940778785,0,1,0,0,1,2014,2019,101.180879854444,95.8906434465302
5,0.0103372814005723,0.170785609817375,384.405556264009,526.315,0.0302433680424597,0.0100535134542088,0,1,0,0,1,2015,2020,98.6264879950901,99.1674245669127
5,0.0525737658878631,0.027873506021205,2071.00395208222,464.745,0.0177256884829106,0.0271024424792472,0,0,1,0,0,2007,2012,81.5936424067054,77.4160001357911
5,0.0519106581877988,0.0306620950835433,2099.04725050867,469.453,0.0218384759386983,0.0245118921972823,0,0,1,0,0,2008,2013,83.9847512966887,76.2308589057717
5,0.0512186467365994,0.119927969191551,2158.86533778313,474.005,0.0285717177547373,0.0291991931304118,0,0,1,0,0,2009,2014,80.603873623778,72.6169997831506
5,0.0504654139977733,0.10127388136247,2229.96004412044,478.383,0.0278125965926129,0.0213960291923616,0,0,1,0,0,2010,2015,86.9334433168578,75.1746674942002
5,0.0492198183743263,0.0915996501601578,2288.61986639687,482.596,0.0307749335277293,0.00120485870911231,0,0,1,0,0,2011,2016,80.6444077344036,73.0387183444178
5,0.048077978246135,0.0766653208537068,2336.98135920488,487.089,0.0271024424792472,0.0176468996426096,0,0,1,0,1,2012,2017,87.4035344019167,81.5936424067054
5,0.0464966673980144,0.087238438209979,2388.27791455317,491.281,0.0245118921972823,0.00951360573390144,0,0,1,0,1,2013,2018,89.8646487896233,83.9847512966887
5,0.0444995305956687,0.0585568420748015,2386.97563621941,495.098,0.0291991931304118,0.00874434889895169,0,0,1,0,1,2014,2019,91.2325741137388,80.603873623778
5,0.0425872156828315,-0.0579056325928231,2190.30141655297,498.756,0.0213960291923616,0.00341038935388831,0,0,1,0,1,2015,2020,97.4676470946098,86.9334433168578
5,0.0807081203298284,0.104974583898837,1720.20834122597,4773.049,0.030799086240598,0.0378620777144459,0,0,0,1,0,2007,2012,133.244801488408,112.685340139254
5,0.0803573836892424,0.146464910061018,1819.18394913235,4846.41300000001,0.0323580399160906,0.0245566381874991,0,0,0,1,0,2008,2013,137.021706607743,104.51179001477
5,0.0798737344530134,0.216384179238243,1893.21654020408,4920.36800000001,0.0196900641205976,0.0434508017660675,0,0,0,1,0,2009,2014,141.361946117109,107.382127709182
5,0.0790400303523127,0.182316959299341,1977.60823466273,4994.13500000001,0.0384900264969996,0.0169192729958269,0,0,0,1,0,2010,2015,145.671506666268,114.552508046304
5,0.078168822462801,0.138793360773732,2039.68879704271,5067.856,0.0348272899947443,0.0584133569734724,0,0,0,1,0,2011,2016,144.889668365466,131.83174007202
5,0.077035035676358,0.160176518148085,2149.48763603368,5140.741,0.0378620777144459,0.0106279651528595,0,0,0,1,1,2012,2017,160.908103988267,133.244801488408
5,0.0756206703803394,0.13073138089663,2212.56073149836,5212.902,0.0245566381874991,-0.0155175692436927,0,0,0,1,1,2013,2018,155.201112312027,137.021706607743
5,0.0740979130016268,0.103861885786114,2244.70307265655,5284.957,0.0434508017660675,-0.0129735465498935,0,0,0,1,1,2014,2019,167.184819868535,141.361946117109
5,0.0724393713826301,0.0634435515586723,2255.42013568658,5355.907,0.0169192729958269,-0.00880956627439443,0,0,0,1,1,2015,2020,154.413617382487,145.671506666268
1,-0.00643771482620422,-0.0821037886439252,9161.27823874331,1317.246,-0.0963346140969999,-0.105322411919442,1,0,0,0,0,2008,2007,65.3531375094667,73.1927338692644
1,-0.00657373174858427,-0.0798638413221537,10045.4037865323,1325.781,-0.0857680113189934,-0.0963346140969999,1,0,0,0,0,2009,2008,73.1927338692644,85.0249586046434
1,-0.00680510055086783,-0.0899409770112673,10989.5437268541,1334.554,-0.093277627059526,-0.0857680113189934,1,0,0,0,0,2010,2009,85.0249586046434,85.5930434733828
1,-0.00664382321087308,-0.0810765753326219,12158.3774277246,1343.698,-0.0915744809013993,-0.093277627059526,1,0,0,0,0,2011,2010,85.5930434733828,91.2776283930021
1,-0.00647885503258902,-0.0668586705331597,13319.6036516575,1352.685,-0.0888796136285185,-0.0915744809013993,1,0,0,0,0,2012,2011,91.2776283930021,99.5149312976085
1,-0.00737086764808802,-0.0651743614913082,14367.0221790085,1361.506,-0.0679209904632757,-0.0888796136285185,1,0,0,0,0,2013,2012,99.5149312976085,115.418197195441
1,-0.00649652140215927,-0.0630376104605791,15482.7866863306,1371.616,-0.0635540642328291,-0.0679209904632757,1,0,0,0,0,2014,2013,115.418197195441,129.206428560052
1,-0.00662687662568943,-0.0591859017911264,16632.5018336394,1380.585,-0.0517229353304451,-0.0635540642328291,1,0,0,0,0,2015,2014,129.206428560052,141.597597897524
1,-0.0056101874880154,-0.0583877909512505,17796.7769619942,1389.795,-0.055508052936097,-0.0517229353304451,1,0,0,0,0,2016,2015,141.597597897524,155.58815181182
1,-0.00604988255106349,-0.0588524729560661,19006.9577954098,1397.636,-0.0379153473879071,-0.055508052936097,1,0,0,0,0,2017,2016,155.58815181182,152.948706065386
1,-0.00584413702118699,-0.0572835129031392,20318.4378832931,1406.143,-9.77184061066998e-05,-0.0379153473879071,1,0,0,0,1,2018,2017,152.948706065386,162.003778312903
1,-0.00374789572665219,-0.0530547214219487,21679.7732214737,1414.409,0.000296989627617951,-9.77184061066998e-05,1,0,0,0,1,2019,2018,162.003778312903,173.334716814495
1,-0.00299719522077982,-0.019544276241198,22980.5596147621,1419.73,0.000184800401296593,0.000296989627617951,1,0,0,0,1,2020,2019,173.334716814495,196.815838844558
1,-0.00496148143215057,-0.0197064053415767,327.964643254639,508.0,0.0227601693768727,0.0227419428473042,0,1,0,0,0,2008,2007,89.714967261113,88.0675045870601
1,-0.00436840473269839,0.0519020188077542,336.225748152439,510.533,0.0359867140018507,0.0227601693768727,0,1,0,0,0,2009,2008,88.0675045870601,86.2337197511394
1,-0.00342445120351374,-0.0189569336508343,321.038420497197,512.773,0.0169298254885595,0.0359867140018507,0,1,0,0,0,2010,2009,86.2337197511394,87.6550214887223
1,-0.00321583897558087,0.0324919728213228,328.36639864608,514.535,0.016962862304159,0.0169298254885595,0,1,0,0,0,2011,2010,87.6550214887223,89.5837899731947
1,-0.00289360682875768,0.0587344540367566,319.058924986387,516.195,0.0179117331971928,0.016962862304159,0,1,0,0,0,2012,2011,89.5837899731947,88.686929260925
1,-0.00235683617387006,0.00559280927986389,302.233325902299,517.693,0.0257482463295129,0.0179117331971928,0,1,0,0,0,2013,2012,88.686929260925,93.8277736309702
1,-0.0017544264641382,-0.0175914093822298,301.262419854749,518.916,-0.00296446348447447,0.0257482463295129,0,1,0,0,0,2014,2013,93.8277736309702,95.8906434465302
1,-0.00211544737296753,-0.052696342620753,307.19590038005,519.828,0.0302433680424597,-0.00296446348447447,0,1,0,0,0,2015,2014,95.8906434465302,99.1674245669127
1,-0.0018031275928343,-0.0176667136812525,324.971969013921,520.93,0.000736235635585734,0.0302433680424597,0,1,0,0,0,2016,2015,99.1674245669127,102.872404348839
1,-0.00219685671676036,-0.0842085380375503,331.413989480156,521.871,0.025262629356159,0.000736235635585734,0,1,0,0,0,2017,2016,102.872404348839,100.804083577276
1,-0.0019845055909628,-0.0803041366205403,362.684819972149,523.02,0.0152326922771075,0.025262629356159,0,1,0,0,1,2018,2017,100.804083577276,103.017765438506
1,-0.00206609603061997,-0.0277795467508182,395.137148793946,524.06,0.0130432940778785,0.0152326922771075,0,1,0,0,1,2019,2018,103.017765438506,101.180879854444
1,-0.00222300333450536,0.0618378134342158,407.268977936362,525.145,0.0100535134542088,0.0130432940778785,0,1,0,0,1,2020,2019,101.180879854444,98.6264879950901
1,-0.0106523619383085,-0.000661227418156002,1914.206180218,441.532,0.0218384759386983,0.0177256884829106,0,0,1,0,0,2008,2007,77.4160001357911,76.2308589057717
1,-0.010254818034641,0.0667465628508388,1936.09674660705,446.286,0.0285717177547373,0.0218384759386983,0,0,1,0,0,2009,2008,76.2308589057717,72.6169997831506
1,-0.00986163842415814,-0.039214289045725,1833.75962626886,450.91,0.0278125965926129,0.0285717177547373,0,0,1,0,0,2010,2009,72.6169997831506,75.1746674942002
1,-0.00990527375385087,-0.0256848705098104,1927.61361080059,455.401,0.0307749335277293,0.0278125965926129,0,0,1,0,0,2011,2010,75.1746674942002,73.0387183444178
1,-0.0103024239098861,-0.0250993584416168,1998.22224988488,459.957,0.0271024424792472,0.0307749335277293,0,0,1,0,0,2012,2011,73.0387183444178,81.5936424067054
1,-0.0100286929681991,-0.00336506719657192,2071.00395208222,464.745,0.0245118921972823,0.0271024424792472,0,0,1,0,0,2013,2012,81.5936424067054,83.9847512966887
1,-0.00960327422706516,-0.0182803915642146,2099.04725050867,469.453,0.0291991931304118,0.0245118921972823,0,0,1,0,0,2014,2013,83.9847512966887,80.603873623778
1,-0.00915166299805801,-0.0229398805262985,2158.86533778313,474.005,0.0213960291923616,0.0291991931304118,0,0,1,0,0,2015,2014,80.603873623778,86.9334433168578
1,-0.00872986929025525,-0.0170500657760272,2229.96004412044,478.383,0.00120485870911231,0.0213960291923616,0,0,1,0,0,2016,2015,86.9334433168578,80.6444077344036
1,-0.00922418695556663,-0.011576597988481,2288.61986639687,482.596,0.0176468996426096,0.00120485870911231,0,0,1,0,0,2017,2016,80.6444077344036,87.4035344019167
1,-0.0085327948770663,-0.0130570885007856,2336.98135920488,487.089,0.00951360573390144,0.0176468996426096,0,0,1,0,1,2018,2017,87.4035344019167,89.8646487896233
1,-0.00770958476907592,0.00831929983445494,2388.27791455317,491.281,0.00874434889895169,0.00951360573390144,0,0,1,0,1,2019,2018,89.8646487896233,91.2325741137388
1,-0.00733424760804886,0.0978450889519993,2386.97563621941,495.098,0.00341038935388831,0.00874434889895169,0,0,1,0,1,2020,2019,91.2325741137388,97.4676470946098
1,-0.0154574241490356,-0.0038208680271064,1440.52349417905,4416.594,0.0323580399160906,0.030799086240598,0,0,0,1,0,2008,2007,112.685340139254,104.51179001477
1,-0.0154713263391121,0.0350551391765735,1468.75177439806,4485.935,0.0196900641205976,0.0323580399160906,0,0,0,1,0,2009,2008,104.51179001477,107.382127709182
1,-0.0155313609948168,-0.0555349812530075,1441.30717663338,4556.429,0.0384900264969996,0.0196900641205976,0,0,0,1,0,2010,2009,107.382127709182,114.552508046304
1,-0.0153424293825094,-0.0523426248644267,1550.13237273288,4628.313,0.0348272899947443,0.0384900264969996,0,0,0,1,0,2011,2010,114.552508046304,131.83174007202
1,-0.0152145934391198,-0.0193600960330934,1661.23936967167,4700.429,0.0378620777144459,0.0348272899947443,0,0,0,1,0,2012,2011,131.83174007202,133.244801488408
1,-0.0151377936630674,-0.039872383201098,1720.20834122597,4773.049,0.0245566381874991,0.0378620777144459,0,0,0,1,0,2013,2012,133.244801488408,137.021706607743
1,-0.0150303798415081,-0.0244411121925282,1819.18394913235,4846.41300000001,0.0434508017660675,0.0245566381874991,0,0,0,1,0,2014,2013,137.021706607743,141.361946117109
1,-0.0147707260616699,-0.0283212148723576,1893.21654020408,4920.36800000001,0.0169192729958269,0.0434508017660675,0,0,0,1,0,2015,2014,141.361946117109,145.671506666268
1,-0.014546782702586,-0.0161240618169485,1977.60823466273,4994.13500000001,0.0584133569734724,0.0169192729958269,0,0,0,1,0,2016,2015,145.671506666268,144.889668365466
1,-0.0141779171524106,-0.0374342227423341,2039.68879704271,5067.856,0.0106279651528595,0.0584133569734724,0,0,0,1,0,2017,2016,144.889668365466,160.908103988267
1,-0.0138427693442147,-0.0148699025649473,2149.48763603368,5140.741,-0.0155175692436927,0.0106279651528595,0,0,0,1,1,2018,2017,160.908103988267,155.201112312027
1,-0.0136339803710794,-0.000694686028628317,2212.56073149836,5212.902,-0.0129735465498935,-0.0155175692436927,0,0,0,1,1,2019,2018,155.201112312027,167.184819868535
1,-0.0132470560075074,0.00860941284308695,2244.70307265655,5284.957,-0.00880956627439443,-0.0129735465498935,0,0,0,1,1,2020,2019,167.184819868535,154.413617382487
2,-0.0129691267644471,-0.155410506017873,9161.27823874331,1317.246,-0.0857680113189934,-0.105322411919442,1,0,0,0,0,2009,2007,65.3531375094667,85.0249586046434
2,-0.0133340973939086,-0.162621786417034,10045.4037865323,1325.781,-0.093277627059526,-0.0963346140969999,1,0,0,0,0,2010,2008,73.1927338692644,85.5930434733828
2,-0.0134037118767487,-0.163725445945746,10989.5437268541,1334.554,-0.0915744809013993,-0.0857680113189934,1,0,0,0,0,2011,2009,85.0249586046434,91.2776283930021
2,-0.0130796338760167,-0.142514573827661,12158.3774277246,1343.698,-0.0888796136285185,-0.093277627059526,1,0,0,0,0,2012,2010,85.5930434733828,99.5149312976085
2,-0.0138019678977207,-0.127675560862311,13319.6036516575,1352.685,-0.0679209904632757,-0.0915744809013993,1,0,0,0,0,2013,2011,91.2776283930021,115.418197195441
2,-0.013819504050819,-0.124103535940181,14367.0221790085,1361.506,-0.0635540642328291,-0.0888796136285185,1,0,0,0,0,2014,2012,99.5149312976085,129.206428560052
2,-0.0130803463820204,-0.118492574429838,15482.7866863306,1371.616,-0.0517229353304451,-0.0679209904632757,1,0,0,0,0,2015,2013,115.418197195441,141.597597897524
2,-0.0121998860933748,-0.114117958681335,16632.5018336394,1380.585,-0.055508052936097,-0.0635540642328291,1,0,0,0,0,2016,2014,129.206428560052,155.58815181182
2,-0.0116261290636869,-0.113803998019394,17796.7769619942,1389.795,-0.0379153473879071,-0.0517229353304451,1,0,0,0,0,2017,2015,141.597597897524,152.948706065386
2,-0.01185866322966,-0.112764709465245,19006.9577954098,1397.636,-9.77184061066998e-05,-0.055508052936097,1,0,0,0,0,2018,2016,155.58815181182,162.003778312903
2,-0.00957012953167151,-0.107299073505941,20318.4378832931,1406.143,0.000296989627617951,-0.0379153473879071,1,0,0,0,1,2019,2017,152.948706065386,173.334716814495
2,-0.00673385777227211,-0.0715620815317763,21679.7732214737,1414.409,0.000184800401296593,-9.77184061066998e-05,1,0,0,0,1,2020,2018,162.003778312903,196.815838844558
2,-0.00930821240587956,0.0311728112455058,327.964643254639,508.0,0.0359867140018507,0.0227419428473042,0,1,0,0,0,2009,2007,89.714967261113,86.2337197511394
2,-0.00777789654736781,0.031961182030037,336.225748152439,510.533,0.0169298254885595,0.0227601693768727,0,1,0,0,0,2010,2008,88.0675045870601,87.6550214887223
2,-0.00662927769544438,0.01291909099753,321.038420497197,512.773,0.016962862304159,0.0359867140018507,0,1,0,0,0,2011,2009,86.2337197511394,89.5837899731947
2,-0.00610014043071862,0.0931348251423169,328.36639864608,514.535,0.0179117331971928,0.0169298254885595,0,1,0,0,0,2012,2010,87.6550214887223,88.686929260925
2,-0.00524362324538076,0.064655753916205,319.058924986387,516.195,0.0257482463295129,0.016962862304159,0,1,0,0,0,2013,2011,89.5837899731947,93.8277736309702
2,-0.00410712774225319,-0.0120969855000047,302.233325902299,517.693,-0.00296446348447447,0.0179117331971928,0,1,0,0,0,2014,2012,88.686929260925,95.8906434465302
2,-0.00386616244025111,-0.0693607490669949,301.262419854749,518.916,0.0302433680424597,0.0257482463295129,0,1,0,0,0,2015,2013,93.8277736309702,99.1674245669127
2,-0.00391476054427245,-0.0694320851048755,307.19590038005,519.828,0.000736235635585734,-0.00296446348447447,0,1,0,0,0,2016,2014,95.8906434465302,102.872404348839
2,-0.00399602309663117,-0.100387563587777,324.971969013921,520.93,0.025262629356159,0.0302433680424597,0,1,0,0,0,2017,2015,99.1674245669127,100.804083577276
2,-0.0041770026332862,-0.157750380714907,331.413989480156,521.871,0.0152326922771075,0.000736235635585734,0,1,0,0,0,2018,2016,102.872404348839,103.017765438506
2,-0.00404650144245853,-0.105852870853824,362.684819972149,523.02,0.0130432940778785,0.025262629356159,0,1,0,0,1,2019,2017,100.804083577276,101.180879854444
2,-0.00428450642675985,0.0323404402541335,395.137148793946,524.06,0.0100535134542088,0.0152326922771075,0,1,0,0,1,2020,2018,103.017765438506,98.6264879950901
2,-0.020797941939633,0.0660412007752581,1914.206180218,441.532,0.0285717177547373,0.0177256884829106,0,0,1,0,0,2009,2007,77.4160001357911,72.6169997831506
2,-0.020015327151236,0.0249148547966724,1936.09674660705,446.286,0.0278125965926129,0.0218384759386983,0,0,1,0,0,2010,2008,76.2308589057717,75.1746674942002
2,-0.0196692299497562,-0.0638919456192616,1833.75962626886,450.91,0.0307749335277293,0.0285717177547373,0,0,1,0,0,2011,2009,72.6169997831506,73.0387183444178
2,-0.0201056493345813,-0.050139555179975,1927.61361080059,455.401,0.0271024424792472,0.0278125965926129,0,0,1,0,0,2012,2010,75.1746674942002,81.5936424067054
2,-0.0202277970318647,-0.0283799646104419,1998.22224988488,459.957,0.0245118921972823,0.0307749335277293,0,0,1,0,0,2013,2011,73.0387183444178,83.9847512966887
2,-0.0195356589065516,-0.0215839440147933,2071.00395208222,464.745,0.0291991931304118,0.0271024424792472,0,0,1,0,0,2014,2012,81.5936424067054,80.603873623778
2,-0.0186670512957191,-0.040800922092056,2099.04725050867,469.453,0.0213960291923616,0.0245118921972823,0,0,1,0,0,2015,2013,83.9847512966887,86.9334433168578
2,-0.0178016394665517,-0.039598819830458,2158.86533778313,474.005,0.00120485870911231,0.0291991931304118,0,0,1,0,0,2016,2014,80.603873623778,80.6444077344036
2,-0.0178735302993909,-0.028429282007342,2229.96004412044,478.383,0.0176468996426096,0.0213960291923616,0,0,1,0,0,2017,2015,86.9334433168578,87.4035344019167
2,-0.0176782737374334,-0.024482529824793,2288.61986639687,482.596,0.00951360573390144,0.00120485870911231,0,0,1,0,0,2018,2016,80.6444077344036,89.8646487896233
2,-0.0161765953407203,-0.00484641450053371,2336.98135920488,487.089,0.00874434889895169,0.0176468996426096,0,0,1,0,1,2019,2017,87.4035344019167,91.2325741137388
2,-0.0149872883734731,0.106978391418775,2388.27791455317,491.281,0.00341038935388831,0.00951360573390144,0,0,1,0,1,2020,2018,89.8646487896233,97.4676470946098
2,-0.0306896036347759,0.0311003300890015,1440.52349417905,4416.594,0.0196900641205976,0.030799086240598,0,0,0,1,0,2009,2007,112.685340139254,107.382127709182
2,-0.0307623965794876,-0.0224266285734267,1468.75177439806,4485.935,0.0384900264969996,0.0323580399160906,0,0,0,1,0,2010,2008,104.51179001477,114.552508046304
2,-0.0306355015680489,-0.104970759426855,1441.30717663338,4556.429,0.0348272899947443,0.0196900641205976,0,0,0,1,0,2011,2009,107.382127709182,131.83174007202
2,-0.0303235939962058,-0.0706893626535206,1550.13237273288,4628.313,0.0378620777144459,0.0384900264969996,0,0,0,1,0,2012,2010,114.552508046304,133.244801488408
2,-0.0301220717260384,-0.0584605460663498,1661.23936967167,4700.429,0.0245566381874991,0.0348272899947443,0,0,0,1,0,2013,2011,131.83174007202,137.021706607743
2,-0.0299406467158573,-0.0633389700024247,1720.20834122597,4773.049,0.0434508017660675,0.0378620777144459,0,0,0,1,0,2014,2012,133.244801488408,141.361946117109
2,-0.0295790962799363,-0.0520701250747618,1819.18394913235,4846.41300000001,0.0169192729958269,0.0245566381874991,0,0,0,1,0,2015,2013,137.021706607743,145.671506666268
2,-0.0291026422218774,-0.0439886236699731,1893.21654020408,4920.36800000001,0.0584133569734724,0.0434508017660675,0,0,0,1,0,2016,2014,141.361946117109,144.889668365466
2,-0.0285184567750052,-0.0529546928377157,1977.60823466273,4994.13500000001,0.0106279651528595,0.0169192729958269,0,0,0,1,0,2017,2015,145.671506666268,160.908103988267
2,-0.0278244248597031,-0.0517474820625083,2039.68879704271,5067.856,-0.0155175692436927,0.0584133569734724,0,0,0,1,0,2018,2016,144.889668365466,155.201112312027
2,-0.0272880176697737,-0.0155542586800167,2149.48763603368,5140.741,-0.0129735465498935,0.0106279651528595,0,0,0,1,1,2019,2017,160.908103988267,167.184819868535
2,-0.0267004262770058,0.00790874597564185,2212.56073149836,5212.902,-0.00880956627439443,-0.0155175692436927,0,0,0,1,1,2020,2018,155.201112312027,154.413617382487
3,-0.019685971103626,-0.231373710280077,9161.27823874331,1317.246,-0.093277627059526,-0.105322411919442,1,0,0,0,0,2010,2007,65.3531375094667,85.5930434733828
3,-0.0198893312190199,-0.230513544232489,10045.4037865323,1325.781,-0.0915744809013993,-0.0963346140969999,1,0,0,0,0,2011,2008,73.1927338692644,91.2776283930021
3,-0.0197957262031897,-0.219637650830524,10989.5437268541,1334.554,-0.0888796136285185,-0.0857680113189934,1,0,0,0,0,2012,2009,85.0249586046434,99.5149312976085
3,-0.0203540932739192,-0.198400638966545,12158.3774277246,1343.698,-0.0679209904632757,-0.093277627059526,1,0,0,0,0,2013,2010,85.5930434733828,115.418197195441
3,-0.0202088245200405,-0.182664809051916,13319.6036516575,1352.685,-0.0635540642328291,-0.0915744809013993,1,0,0,0,0,2014,2011,91.2776283930021,129.206428560052
3,-0.0203548005281354,-0.175944258041221,14367.0221790085,1361.506,-0.0517229353304451,-0.0888796136285185,1,0,0,0,0,2015,2012,99.5149312976085,141.597597897524
3,-0.0186171506744245,-0.169961845716004,15482.7866863306,1371.616,-0.055508052936097,-0.0679209904632757,1,0,0,0,0,2016,2013,115.418197195441,155.58815181182
3,-0.018175960766437,-0.166254307560307,16632.5018336394,1380.585,-0.0379153473879071,-0.0635540642328291,1,0,0,0,0,2017,2014,129.206428560052,152.948706065386
3,-0.0174023213935998,-0.16456841813356,17796.7769619942,1389.795,-9.77184061066998e-05,-0.0517229353304451,1,0,0,0,0,2018,2015,141.597597897524,162.003778312903
3,-0.0155621139230699,-0.159836730640288,19006.9577954098,1397.636,0.000296989627617951,-0.055508052936097,1,0,0,0,0,2019,2016,155.58815181182,173.334716814495
3,-0.0125386412059568,-0.124746267014114,20318.4378832931,1406.143,0.000184800401296593,-0.0379153473879071,1,0,0,0,1,2020,2017,152.948706065386,196.815838844558
3,-0.0127007880902174,0.0116249366801805,327.964643254639,508.0,0.0169298254885595,0.0227419428473042,0,1,0,0,0,2010,2007,89.714967261113,87.6550214887223
3,-0.0109687230600836,0.0654916367092171,336.225748152439,510.533,0.016962862304159,0.0227601693768727,0,1,0,0,0,2011,2008,88.0675045870601,89.5837899731947
3,-0.00950370200099279,0.0724123407906776,321.038420497197,512.773,0.0179117331971928,0.0359867140018507,0,1,0,0,0,2012,2009,86.2337197511394,88.686929260925
3,-0.00844259957295588,0.0992485197365152,328.36639864608,514.535,0.0257482463295129,0.0169298254885595,0,1,0,0,0,2013,2010,87.6550214887223,93.8277736309702
3,-0.0069888501581293,0.0459269586979185,319.058924986387,516.195,-0.00296446348447447,0.016962862304159,0,1,0,0,0,2014,2011,89.5837899731947,95.8906434465302
3,-0.00621388670262793,-0.0641558612281712,302.233325902299,517.693,0.0302433680424597,0.0179117331971928,0,1,0,0,0,2015,2012,88.686929260925,99.1674245669127
3,-0.00566231884891102,-0.0858020862537636,301.262419854749,518.916,0.000736235635585734,0.0257482463295129,0,1,0,0,0,2016,2013,93.8277736309702,102.872404348839
3,-0.00610301709303661,-0.147793848762845,307.19590038005,519.828,0.025262629356159,-0.00296446348447447,0,1,0,0,0,2017,2014,95.8906434465302,100.804083577276
3,-0.00597259855741708,-0.172630163586961,324.971969013921,520.93,0.0152326922771075,0.0302433680424597,0,1,0,0,0,2018,2015,99.1674245669127,103.017765438506
3,-0.00623446857534564,-0.181147693389696,331.413989480156,521.871,0.0130432940778785,0.000736235635585734,0,1,0,0,0,2019,2016,102.872404348839,101.180879854444
3,-0.00626050939076422,-0.0505607674989432,362.684819972149,523.02,0.0100535134542088,0.025262629356159,0,1,0,0,1,2020,2017,100.804083577276,98.6264879950901
3,-0.0304544785804159,0.0242371529934054,1914.206180218,441.532,0.0278125965926129,0.0177256884829106,0,0,1,0,0,2010,2007,77.4160001357911,75.1746674942002
3,-0.029722343610381,-0.00140995053236127,1936.09674660705,446.286,0.0307749335277293,0.0218384759386983,0,0,1,0,0,2011,2008,76.2308589057717,73.0387183444178
3,-0.0297690131147189,-0.0873876572162483,1833.75962626886,450.91,0.0271024424792472,0.0285717177547373,0,0,1,0,0,2012,2009,72.6169997831506,81.5936424067054
3,-0.0299327089186776,-0.0533358994041601,1927.61361080059,455.401,0.0245118921972823,0.0278125965926129,0,0,1,0,0,2013,2010,75.1746674942002,83.9847512966887
3,-0.0296368181770235,-0.046141559308999,1998.22224988488,459.957,0.0291991931304118,0.0307749335277293,0,0,1,0,0,2014,2011,73.0387183444178,80.603873623778
3,-0.0285085381378518,-0.044028691444106,2071.00395208222,464.745,0.0213960291923616,0.0271024424792472,0,0,1,0,0,2015,2012,81.5936424067054,86.9334433168578
3,-0.0272339596681283,-0.057155329462691,2099.04725050867,469.453,0.00120485870911231,0.0245118921972823,0,0,1,0,0,2016,2013,83.9847512966887,80.6444077344036
3,-0.0268616207715633,-0.0507169982009436,2158.86533778313,474.005,0.0176468996426096,0.0291991931304118,0,0,1,0,0,2017,2014,80.603873623778,87.4035344019167
3,-0.0262538140086835,-0.0411151668569439,2229.96004412044,478.383,0.00951360573390144,0.0213960291923616,0,0,1,0,0,2018,2015,86.9334433168578,89.8646487896233
3,-0.0252515663565596,-0.0163669074966565,2288.61986639687,482.596,0.00874434889895169,0.00120485870911231,0,0,1,0,0,2019,2016,80.6444077344036,91.2325741137388
3,-0.0233921997930851,0.0925244765935626,2336.98135920488,487.089,0.00341038935388831,0.0176468996426096,0,0,1,0,1,2020,2017,87.4035344019167,97.4676470946098
3,-0.0457443133167532,-0.0261618074124611,1440.52349417905,4416.594,0.0384900264969996,0.030799086240598,0,0,0,1,0,2010,2007,112.685340139254,114.552508046304
3,-0.0456328560648394,-0.0735953848314606,1468.75177439806,4485.935,0.0348272899947443,0.0323580399160906,0,0,0,1,0,2011,2008,104.51179001477,131.83174007202
3,-0.0453839883060073,-0.122298611476778,1441.30717663338,4556.429,0.0378620777144459,0.0196900641205976,0,0,0,1,0,2012,2009,107.382127709182,133.244801488408
3,-0.0450023553502361,-0.107743192498656,1550.13237273288,4628.313,0.0245566381874991,0.0384900264969996,0,0,0,1,0,2013,2010,114.552508046304,137.021706607743
3,-0.044699705387891,-0.0814728174936339,1661.23936967167,4700.429,0.0434508017660675,0.0348272899947443,0,0,0,1,0,2014,2011,131.83174007202,141.361946117109
3,-0.044269127686778,-0.0898663482955498,1720.20834122597,4773.049,0.0169192729958269,0.0378620777144459,0,0,0,1,0,2015,2012,133.244801488408,145.671506666268
3,-0.0436955982963992,-0.0673546049761886,1819.18394913235,4846.41300000001,0.0584133569734724,0.0245566381874991,0,0,0,1,0,2016,2013,137.021706607743,144.889668365466
3,-0.0428679445239499,-0.0797761664757167,1893.21654020408,4920.36800000001,0.0106279651528595,0.0434508017660675,0,0,0,1,0,2017,2014,141.361946117109,160.908103988267
3,-0.0419664517000305,-0.0670371642798095,1977.60823466273,4994.13500000001,-0.0155175692436927,0.0169192729958269,0,0,0,1,0,2018,2015,145.671506666268,155.201112312027
3,-0.0410790475684087,-0.0524062198383311,2039.68879704271,5067.856,-0.0129735465498935,0.0584133569734724,0,0,0,1,0,2019,2016,144.889668365466,167.184819868535
3,-0.0401735877788757,-0.00707875887137415,2149.48763603368,5140.741,-0.00880956627439443,0.0106279651528595,0,0,0,1,1,2020,2017,160.908103988267,154.413617382487
4,-0.0261990042027522,-0.293691297561188,9161.27823874331,1317.246,-0.0915744809013993,-0.105322411919442,1,0,0,0,0,2011,2007,65.3531375094667,91.2776283930021
4,-0.0262393261579458,-0.281960385658378,10045.4037865323,1325.781,-0.0888796136285185,-0.0963346140969999,1,0,0,0,0,2012,2008,73.1927338692644,99.5149312976085
4,-0.0270206821734362,-0.270497268669502,10989.5437268541,1334.554,-0.0679209904632757,-0.0857680113189934,1,0,0,0,0,2013,2009,85.0249586046434,115.418197195441
4,-0.0267183838735029,-0.248931547232821,12158.3774277246,1343.698,-0.0635540642328291,-0.093277627059526,1,0,0,0,0,2014,2010,85.5930434733828,129.206428560052
4,-0.0267017797588854,-0.231039529393801,13319.6036516575,1352.685,-0.0517229353304451,-0.0915744809013993,1,0,0,0,0,2015,2011,91.2776283930021,141.597597897524
4,-0.0258507937689068,-0.224059052434887,14367.0221790085,1361.506,-0.055508052936097,-0.0888796136285185,1,0,0,0,0,2016,2012,99.5149312976085,155.58815181182
4,-0.0245544016504723,-0.218811643743506,15482.7866863306,1371.616,-0.0379153473879071,-0.0679209904632757,1,0,0,0,0,2017,2013,115.418197195441,152.948706065386
4,-0.0239138749824132,-0.214014189691113,16632.5018336394,1380.585,-9.77184061066998e-05,-0.0635540642328291,1,0,0,0,0,2018,2014,129.206428560052,162.003778312903
4,-0.021084995034267,-0.208892007976582,17796.7769619942,1389.795,0.000296989627617951,-0.0517229353304451,1,0,0,0,0,2019,2015,141.597597897524,173.334716814495
4,-0.0185126664503743,-0.176257113664362,19006.9577954098,1397.636,0.000184800401296593,-0.055508052936097,1,0,0,0,0,2020,2016,155.58815181182,196.815838844558
4,-0.0158757833764372,0.0444946266281653,327.964643254639,508.0,0.016962862304159,0.0227419428473042,0,1,0,0,0,2011,2007,89.714967261113,89.5837899731947
4,-0.0138305907168919,0.128072706272063,336.225748152439,510.533,0.0179117331971928,0.0227601693768727,0,1,0,0,0,2012,2008,88.0675045870601,88.686929260925
4,-0.0118381395062012,0.0784101384820923,321.038420497197,512.773,0.0257482463295129,0.0359867140018507,0,1,0,0,0,2013,2009,86.2337197511394,93.8277736309702
4,-0.0101822141169772,0.0799111890130201,328.36639864608,514.535,-0.00296446348447447,0.0169298254885595,0,1,0,0,0,2014,2010,87.6550214887223,95.8906434465302
4,-0.00908951298638975,-0.00918956667390917,319.058924986387,516.195,0.0302433680424597,0.016962862304159,0,1,0,0,0,2015,2011,89.5837899731947,99.1674245669127
4,-0.00800580986488998,-0.0806891516781314,302.233325902299,517.693,0.000736235635585734,0.0179117331971928,0,1,0,0,0,2016,2012,88.686929260925,102.872404348839
4,-0.0078467362624757,-0.162785356047313,301.262419854749,518.916,0.025262629356159,0.0257482463295129,0,1,0,0,0,2017,2013,93.8277736309702,100.804083577276
4,-0.00807541121245653,-0.216229527960659,307.19590038005,519.828,0.0152326922771075,-0.00296446348447447,0,1,0,0,0,2018,2014,95.8906434465302,103.017765438506
4,-0.00802635462586508,-0.195614122637814,324.971969013921,520.93,0.0130432940778785,0.0302433680424597,0,1,0,0,0,2019,2015,99.1674245669127,101.180879854444
4,-0.00844361266541914,-0.130511657223351,331.413989480156,521.871,0.0100535134542088,0.000736235635585734,0,1,0,0,0,2020,2016,102.872404348839,98.6264879950901
4,-0.0400580923868969,-0.00207024565256703,1914.206180218,441.532,0.0307749335277293,0.0177256884829106,0,0,1,0,0,2011,2007,77.4160001357911,73.0387183444178
4,-0.0397185553367976,-0.0264739201201814,1936.09674660705,446.286,0.0271024424792472,0.0218384759386983,0,0,1,0,0,2012,2008,76.2308589057717,81.5936424067054
4,-0.0394991617904242,-0.0904586590741366,1833.75962626886,450.91,0.0245118921972823,0.0285717177547373,0,0,1,0,0,2013,2009,72.6169997831506,83.9847512966887
4,-0.0392485311336378,-0.070641289842837,1927.61361080059,455.401,0.0291991931304118,0.0278125965926129,0,0,1,0,0,2014,2010,75.1746674942002,80.603873623778
4,-0.0385172550027906,-0.0680229579774519,1998.22224988488,459.957,0.0213960291923616,0.0307749335277293,0,0,1,0,0,2015,2011,73.0387183444178,86.9334433168578
4,-0.0369895316165074,-0.0603280651349788,2071.00395208222,464.745,0.00120485870911231,0.0271024424792472,0,0,1,0,0,2016,2012,81.5936424067054,80.6444077344036
4,-0.0362069354881757,-0.0680702631790833,2099.04725050867,469.453,0.0176468996426096,0.0245118921972823,0,0,1,0,0,2017,2013,83.9847512966887,87.4035344019167
4,-0.0351652109485203,-0.0631118703677253,2158.86533778313,474.005,0.00951360573390144,0.0291991931304118,0,0,1,0,0,2018,2014,80.603873623778,89.8646487896233
4,-0.0337609927731479,-0.0331379164233155,2229.96004412044,478.383,0.00874434889895169,0.0213960291923616,0,0,1,0,0,2019,2015,86.9334433168578,91.2325741137388
4,-0.0324006127244584,0.0798767599354633,2288.61986639687,482.596,0.00341038935388831,0.00120485870911231,0,0,1,0,0,2020,2016,80.6444077344036,97.4676470946098
4,-0.0603849138025489,-0.0771350546057219,1440.52349417905,4416.594,0.0348272899947443,0.030799086240598,0,0,0,1,0,2011,2007,112.685340139254,131.83174007202
4,-0.0601531641514668,-0.0915306671466244,1468.75177439806,4485.935,0.0378620777144459,0.0323580399160906,0,0,0,1,0,2012,2008,104.51179001477,133.244801488408
4,-0.0598347685184914,-0.157294657576111,1441.30717663338,4556.429,0.0245566381874991,0.0196900641205976,0,0,0,1,0,2013,2009,107.382127709182,137.021706607743
4,-0.0593563326970676,-0.129550941235343,1550.13237273288,4628.313,0.0434508017660675,0.0384900264969996,0,0,0,1,0,2014,2010,114.552508046304,141.361946117109
4,-0.058810184346239,-0.107486623195498,1661.23936967167,4700.429,0.0169192729958269,0.0348272899947443,0,0,0,1,0,2015,2011,131.83174007202,145.671506666268
4,-0.0581719370084715,-0.104541399557317,1720.20834122597,4773.049,0.0584133569734724,0.0378620777144459,0,0,0,1,0,2016,2012,133.244801488408,144.889668365466
4,-0.0572540028762384,-0.102267460433122,1819.18394913235,4846.41300000001,0.0106279651528595,0.0245566381874991,0,0,0,1,0,2017,2013,137.021706607743,160.908103988267
4,-0.056117302799859,-0.093459805218165,1893.21654020408,4920.36800000001,-0.0155175692436927,0.0434508017660675,0,0,0,1,0,2018,2014,141.361946117109,155.201112312027
4,-0.0550282622923878,-0.0676852805270138,1977.60823466273,4994.13500000001,-0.0129735465498935,0.0169192729958269,0,0,0,1,0,2019,2015,145.671506666268,167.184819868535
4,-0.0537819271320423,-0.044247993777378,2039.68879704271,5067.856,-0.00880956627439443,0.0584133569734724,0,0,0,1,0,2020,2016,144.889668365466,154.413617382487
5,-0.0325081196851134,-0.340914158392248,9161.27823874331,1317.246,-0.0888796136285185,-0.105322411919442,1,0,0,0,0,2012,2007,65.3531375094667,99.5149312976085
5,-0.0334167872057486,-0.328758159048558,10045.4037865323,1325.781,-0.0679209904632757,-0.0963346140969999,1,0,0,0,0,2013,2008,73.1927338692644,115.418197195441
5,-0.0333416631355548,-0.316483377677042,10989.5437268541,1334.554,-0.0635540642328291,-0.0857680113189934,1,0,0,0,0,2014,2009,85.0249586046434,129.206428560052
5,-0.0331682010656248,-0.293384210916713,12158.3774277246,1343.698,-0.0517229353304451,-0.093277627059526,1,0,0,0,0,2015,2010,85.5930434733828,141.597597897524
5,-0.0321621652561898,-0.275937432601331,13319.6036516575,1352.685,-0.055508052936097,-0.0915744809013993,1,0,0,0,0,2016,2011,91.2776283930021,155.58815181182
5,-0.0317442820538167,-0.269725096066967,14367.0221790085,1361.506,-0.0379153473879071,-0.0888796136285185,1,0,0,0,0,2017,2012,99.5149312976085,152.948706065386
5,-0.0302550393839407,-0.263560857028907,15482.7866863306,1371.616,-9.77184061066998e-05,-0.0679209904632757,1,0,0,0,0,2018,2013,115.418197195441,162.003778312903
5,-0.0275721439992111,-0.255714447898655,16632.5018336394,1380.585,0.000296989627617951,-0.0635540642328291,1,0,0,0,0,2019,2014,129.206428560052,173.334716814495
5,-0.0240189944087,-0.224353641109307,17796.7769619942,1389.795,0.000184800401296593,-0.0517229353304451,1,0,0,0,0,2020,2015,141.597597897524,196.815838844558
5,-0.0187234519300049,0.105842448267496,327.964643254639,508.0,0.0179117331971928,0.0227419428473042,0,1,0,0,0,2012,2007,89.714967261113,88.686929260925
5,-0.0161548304542544,0.134381801772063,336.225748152439,510.533,0.0257482463295129,0.0227601693768727,0,1,0,0,0,2013,2008,88.0675045870601,93.8277736309702
5,-0.0135717968251036,0.0594393842541067,321.038420497197,512.773,-0.00296446348447447,0.0359867140018507,0,1,0,0,0,2014,2009,86.2337197511394,95.8906434465302
5,-0.0122761215518399,0.0230038189968052,328.36639864608,514.535,0.0302433680424597,0.0169298254885595,0,1,0,0,0,2015,2010,87.6550214887223,99.1674245669127
5,-0.0108762510275529,-0.0266939309118789,319.058924986387,516.195,0.000736235635585734,0.016962862304159,0,1,0,0,0,2016,2011,89.5837899731947,102.872404348839
5,-0.0101850789644755,-0.158102974217376,302.233325902299,517.693,0.025262629356159,0.0179117331971928,0,1,0,0,0,2017,2012,88.686929260925,100.804083577276
5,-0.00981566996145481,-0.230017155196006,301.262419854749,518.916,0.0152326922771075,0.0257482463295129,0,1,0,0,0,2018,2013,93.8277736309702,103.017765438506
5,-0.0101248226680248,-0.238002316430586,307.19590038005,519.828,0.0130432940778785,-0.00296446348447447,0,1,0,0,0,2019,2014,95.8906434465302,101.180879854444
5,-0.0102315153472732,-0.145872658824373,324.971969013921,520.93,0.0100535134542088,0.0302433680424597,0,1,0,0,0,2020,2015,99.1674245669127,98.6264879950901
5,-0.0499478208479918,-0.0271176422564879,1914.206180218,441.532,0.0271024424792472,0.0177256884829106,0,0,1,0,0,2012,2007,77.4160001357911,81.5936424067054
5,-0.0493489231083835,-0.0297499007965922,1936.09674660705,446.286,0.0245118921972823,0.0218384759386983,0,0,1,0,0,2013,2008,76.2308589057717,83.9847512966887
5,-0.0487231147350767,-0.107085430930102,1833.75962626886,450.91,0.0291991931304118,0.0285717177547373,0,0,1,0,0,2014,2009,72.6169997831506,80.603873623778
5,-0.048041004801592,-0.0919606676199172,1927.61361080059,455.401,0.0213960291923616,0.0278125965926129,0,0,1,0,0,2015,2010,75.1746674942002,86.9334433168578
5,-0.0469108736914521,-0.0839132278456836,1998.22224988488,459.957,0.00120485870911231,0.0307749335277293,0,0,1,0,0,2016,2011,73.0387183444178,80.6444077344036
5,-0.0458725202170445,-0.0712062693659693,2071.00395208222,464.745,0.0176468996426096,0.0271024424792472,0,0,1,0,0,2017,2012,81.5936424067054,87.4035344019167
5,-0.0444307840115942,-0.0802385522292678,2099.04725050867,469.453,0.00951360573390144,0.0245118921972823,0,0,1,0,0,2018,2013,83.9847512966887,89.8646487896233
5,-0.0426036865428662,-0.0553176171059727,2158.86533778313,474.005,0.00874434889895169,0.0291991931304118,0,0,1,0,0,2019,2014,80.603873623778,91.2325741137388
5,-0.0408476289007049,0.0614647901485606,2229.96004412044,478.383,0.00341038935388831,0.0213960291923616,0,0,1,0,0,2020,2015,86.9334433168578,97.4676470946098
5,-0.0746807753283066,-0.0950018085741306,1440.52349417905,4416.594,0.0378620777144459,0.030799086240598,0,0,0,1,0,2012,2007,112.685340139254,133.244801488408
5,-0.0743803716274287,-0.1277535045126,1468.75177439806,4485.935,0.0245566381874991,0.0323580399160906,0,0,0,1,0,2013,2008,104.51179001477,137.021706607743
5,-0.0739658090614378,-0.177891313395537,1441.30717663338,4556.429,0.0434508017660675,0.0196900641205976,0,0,0,1,0,2014,2009,107.382127709182,141.361946117109
5,-0.0732503226284438,-0.154203116064059,1550.13237273288,4628.313,0.0169192729958269,0.0384900264969996,0,0,0,1,0,2015,2010,114.552508046304,145.671506666268
5,-0.0725014680764413,-0.121877564055547,1661.23936967167,4700.429,0.0584133569734724,0.0348272899947443,0,0,0,1,0,2016,2011,131.83174007202,144.889668365466
5,-0.0715250972573807,-0.138062196262828,1720.20834122597,4773.049,0.0106279651528595,0.0378620777144459,0,0,0,1,0,2017,2012,133.244801488408,160.908103988267
5,-0.0703042182646043,-0.115616655825864,1819.18394913235,4846.41300000001,-0.0155175692436927,0.0245566381874991,0,0,0,1,0,2018,2013,137.021706607743,155.201112312027
5,-0.0689861809660872,-0.09408956602587,1893.21654020408,4920.36800000001,-0.0129735465498935,0.0434508017660675,0,0,0,1,0,2019,2014,141.361946117109,167.184819868535
5,-0.0675463558273122,-0.059658598207384,1977.60823466273,4994.13500000001,-0.00880956627439443,0.0169192729958269,0,0,0,1,0,2020,2015,145.671506666268,154.413617382487
