year,region,eolRecyclingMT,eolLandfillMT,eolIncinerationMT,eolMismanagedMT,consumptionAgricultureMT,consumptionConstructionMT,consumptionElectronicMT,consumptionHouseholdLeisureSportsMT,consumptionPackagingMT,consumptionTransportationMT,consumptionTextileMT,consumptionOtherMT,netImportsMT,netExportsMT,domesticProductionMT,netWasteExportMT,netWasteImportMT
2010,row,10.006752412962998,34.953899979078074,4.645992191732821,37.551471598470904,3.1098553047658672,19.15298293353357,5.886790353615223,15.27784090752108,35.95744181452306,8.038232471762965,16.42538665227911,10.703977608302973,6.0675588491717525,0,108.4849491971321,4.40912907,0
2011,row,10.915385030295617,37.253503138222854,5.059452928636194,37.28970673699664,3.444277211024667,23.446444327717654,10.020707562034247,16.142666160450204,40.447499662707436,9.341714689712013,18.558177247321737,10.430253211052296,13.834132231404958,0,117.9976078406153,4.591342242,0
2012,row,11.756386239876454,38.108191026171184,5.2033411782192704,38.01510799972719,3.6079254543277632,24.557148882201314,9.146552648780773,16.934730500560164,39.12519951209785,9.875950692326946,19.432212488936546,10.565081309176247,9.67646017699115,0,123.56834131141645,5.044925029,0
2013,row,12.761782280354165,38.43025731358733,5.487276559607241,39.92766552967734,3.6850433755788665,24.1710461200994,11.05291909955736,17.313635723981832,41.91386759544754,9.71588426953627,19.09362920028634,10.075681223255636,11.23856525496975,0,125.7831413527735,3.364792473,0
2014,row,14.23440265621872,40.265385743062815,5.7536736426080015,43.0337601348383,3.766430262438546,26.33220596963001,9.344740378123822,18.17114344659826,44.46975235935314,9.93874598920967,18.42988675366844,10.9090409580867,12.374971240755958,0,128.98697487635263,6.142289898,0
2015,row,15.632565080445158,39.45154307209836,6.1071511212602605,47.68150073283411,3.850965982625041,27.47089499928211,6.53789785505081,18.603758148760544,45.11477412705554,10.0091604519576,22.94306150408883,11.140993597447197,14.599999999999998,0,131.07150666626768,2.464655989,0
2016,row,16.972371599261056,40.84509789426991,6.2751166261166125,49.5870629042041,4.081660859745924,25.331546309681247,9.700626253475274,18.640156942579456,47.15598946503503,9.724635968334557,19.742804533100482,10.512248033513977,5.4399999999999995,0,139.44966836546593,8.46349192,0
2017,row,18.195347020308553,42.65928456245245,6.479891325942143,50.04307377262926,3.970367125346308,29.035716201324576,10.32636995195597,19.54365562402665,47.0061331665772,9.892859850558537,30.706783558622178,10.426218509855731,20.2,0,140.70810398826717,1.710125722,0
2018,row,19.423150380115512,43.44842780925093,6.703885858808526,51.227351220192716,4.108575694412968,27.08707075968363,10.438043578519965,18.975106353392384,48.44576010663887,9.618144062132455,26.15373634948405,10.374675407762645,8.047017699115043,0,147.15409461291193,0,2.4083440069999997
2019,row,20.741033629478917,43.973482709946296,6.938592031002858,52.91766417899486,4.133604382100662,31.519836633897512,10.52751619310962,20.47359071093471,48.93737466711869,10.89596342267899,28.61357164654855,12.083362212145852,25.29,0,141.8948198685346,0,2.168980043
2020,row,21.99913628412162,42.6321044995253,7.17557434223816,55.872443632801044,4.210489899708446,32.65051450505397,9.400564676271772,18.66063159990263,48.88317797409883,9.5316678321568,19.179847759780102,11.896723135514103,9.370000000000001,0,145.04361738248662,0,1.360316996
2021,row,23.400919748201755,43.344516880264415,7.4366441573968665,58.07110462064732,4.367447947152932,31.995661040040154,10.71576116871817,20.595860515429354,51.10309070367603,10.796384556525023,27.851536375557927,11.971587272043529,13.812644862027433,0,155.5846847171157,0,0.8183277269412059
2010,china,18.480810172687598,20.963856686068908,5.060785478544112,8.101465319083092,4.947934591634148,15.495896194767587,8.156615896807198,4.853914126010081,27.011961780099295,5.2456002430271464,18.83424355426969,1.0468770867676889,0,29.77,115.36304347338283,0,7.983915988
2011,china,22.273449391304496,22.69403846225732,5.8586280446808905,8.411781419056485,5.170372350628678,15.652558189016569,7.179000303016624,5.824932115223733,28.069509245163434,5.23843207695978,20.714955717102242,3.427868395891082,0,29.82,121.09762839300214,0,8.358701438
2012,china,26.413253563205764,23.944358942312643,8.164334063800002,6.799257408332641,5.560913636564804,16.29528378140699,8.303050501796758,6.362539708525559,30.36160522707914,5.560766312902411,23.390175451150053,3.6805966781827575,0,30.810000000000002,130.3249312976085,0,8.844848643999999
2013,china,23.15949277157454,30.092820544882912,13.285853220056868,6.0548642543865725,6.382186407057532,18.367510332251513,9.607559349865493,7.585689687199018,35.255420138575786,6.597378113736809,27.006296159716157,4.616157007038336,0,33.230000000000004,148.64819719544067,0,7.839318271
2014,china,32.951490286528475,28.05652252657316,13.920810751482682,4.664148142006206,6.777437696457347,19.537594943186335,12.811381578486055,8.450801304177451,38.026952410160405,7.185978806816023,31.060333673679384,5.355948147089088,0,29.31,158.51642856005208,0,8.21159366
2015,china,29.405715590596664,34.9746477110944,18.802819632042723,4.516535499301307,7.708370677603872,22.09880195972005,13.765177680167355,9.478771548592496,43.439004726253394,8.067598218132115,30.810648169807312,6.229224917247484,0,38.57,180.16759789752408,0,7.323843398999999
2016,china,30.311833573302707,37.956600164050656,23.602381746466495,3.5694665479896766,7.686568251242473,26.332355225276945,14.946814074173313,10.76400884992292,43.87827312204412,8.787048999553399,35.23057493597913,7.962508353627751,0,23.47,179.05815181182004,0,8.636395366999999
2017,china,27.449924569407493,42.151569563509625,29.639750012584944,3.5674621069604493,8.195886529536125,22.95725030379461,15.568064203655942,10.327386960218856,46.57190499258377,8.641302409273923,32.42053541225882,8.266375254063927,0,37.089999999999996,190.03870606538595,0,5.799103323
2018,china,29.805180088744855,41.37400554541322,35.998034173850726,3.2233750318198133,8.349383270842969,25.332483682882305,16.064051066770887,11.519359495669809,47.202990000308816,9.349083551047721,35.65429425082999,8.532132994550263,0,29.759999999999998,191.76377831290276,0,0.015830750999999997
2019,china,35.91385619221663,37.90108956818595,42.15089588426492,3.7470123293879354,9.36127374341174,24.40854837005557,17.93208790416833,12.080066992264266,53.144281091188816,9.42447716920639,38.909161804879716,8.074819739320631,0,45.53,218.86471681449544,0.051478613,0
2020,china,35.02251751408882,45.96130907360737,48.15432010654806,2.193011032940695,10.284897099591436,26.151212808318554,17.295508078380784,14.950961191413871,58.59719969031734,11.988301030768975,48.76187379258161,8.785885153185456,0,39.48,236.29583884455803,0.036371645999999994,0
2021,china,46.449565901092846,15.697519064354971,62.95490879781824,16.05562289829782,10.768496487272238,25.65886365536076,20.846335685081925,15.62414004012313,61.01418618055245,11.869255591983581,50.031460850766166,9.745935940720084,0,31.461449191273214,237.02012362313351,0.6929991855094642,0
2010,eu30,17.442611623146068,27.591946683572022,23.83847329631274,2.350372329782852,2.3833960453933827,14.661878308276535,4.908396944417728,8.098013868791277,32.208995578507654,5.885045922769006,11.13638254522781,8.372912275338894,8.316858053334823,0,79.33816343538746,1.483984217,0
2011,eu30,18.59556834291683,27.534619109334724,25.68238336494183,1.3910070807693695,2.5228914371827056,15.133285927017042,5.145036495008843,8.24009972628763,33.60321956164419,5.934427620384897,10.600664634695086,8.40416457097436,5.919683195592286,0,83.66410677760246,1.519597494,0
2012,eu30,20.820728583853736,24.981880666032993,26.860386372196643,2.1778691653132416,2.51362219321049,15.08612986831589,5.1731522662509395,8.224912904554925,33.28506699412456,5.321356851654702,10.648489238987409,8.434198943826111,5.577013274336283,0,83.10991598658876,1.588536615,0
2013,eu30,22.131157943667237,23.872500353792873,28.95844756926995,1.749013522064516,2.6468351546835076,15.75602802406994,5.620891136938136,8.62532092027783,35.279812916944245,5.812211644751857,11.231979793265724,8.854694040038959,6.418340535868626,0,87.40943309510158,2.415900628,0
2014,eu30,23.55860285535301,22.753315492334913,31.208832804024947,1.4210953465025276,2.6891522581379688,16.5484105517713,5.513565140883648,8.834822930828432,35.84908594431409,6.080247388053088,11.244243198048316,9.131116034493388,6.718052588331964,0,89.17259085819828,0,0.284264311
2015,eu30,24.517356651607322,20.240135115941786,32.74092032112274,3.203881037092859,2.753283583116979,16.55525965525745,6.275315661925519,8.822763982997381,36.730293145991496,6.329360565185974,12.538066892758767,9.163081079679154,7.9399999999999995,0,91.22742456691273,2.999156919,0
2016,eu30,25.849938858217367,19.479179733159928,34.7723371092795,3.2937825319341485,2.890106709240361,17.752277801216778,5.799435316703047,9.207303360198775,39.02469444359463,6.871943896458612,11.94597373308265,9.380669088343975,7.320000000000001,0,95.55240434883883,0.07573833,0
2017,eu30,27.257430232583516,19.637719984773373,36.29456121420276,2.714575465961674,2.961781642704808,17.825643221686782,5.819069739669461,9.419430227988396,39.652910131277636,7.230816468906547,8.209100097470875,9.685332047571556,2.4400000000000004,0,98.36408357727606,2.546576201,0
2018,eu30,28.300938512802475,20.005384181681727,37.338726652497186,1.6765751911317728,2.9179040908823746,17.63358521550161,5.686982571271052,9.43370053033784,39.337692341592614,7.316966721953512,10.943497936096637,9.747436030870098,6.618699115044248,0,96.39906632346148,1.56923792,0
2019,eu30,29.547683610101643,19.289786285161878,37.38884502185697,1.9757257100485877,2.864722810230875,17.669952209631315,5.948200752664382,9.260496150885558,38.850013711794695,7.2267497336156605,9.721816700646718,9.638927784974557,5.73,0,95.45087985444376,1.319731971,0
2020,eu30,30.290114907800906,18.140783104122523,36.81589154351857,2.3475277025131995,2.7362269128680365,17.203625758753432,6.119623449657865,8.817040212090088,37.01286878109677,6.8795672007485615,10.877015021557481,8.9805206583179,8.850000000000001,0,89.77648799509015,0.9915427239999999,0
2021,eu30,30.523849734422402,15.830802180698582,38.90143553277551,2.8766999797819723,2.93233015638277,18.105929944379042,6.0265192369014855,9.383126182471514,39.593037881232135,7.39683370447778,10.436724429187137,9.658290131036289,4.556198584068726,0,98.97659308199944,0.08520150439921137,0
2010,nafta,5.014190527825937,45.16551015642207,9.089795140267368,3.722847489880815,0.5342359095343607,12.660917850730089,6.035455617752607,14.478295183659064,23.8025688867254,4.574500058109586,8.161572904080284,4.927121083608788,15.385583097493424,0,59.78908439670674,2.090802701,0
2011,nafta,5.295040133232777,44.864127739236466,10.34736431343438,3.3724742947489825,0.6569752762228482,11.75038689749464,4.253145893666068,14.96981550321835,24.428311697860533,4.66398117587517,8.11834738760935,4.197754512470844,10.066184573002756,0,62.97253377141506,2.247761702,0
2012,nafta,5.830223025876476,47.47275852334364,10.487700040800789,3.2166747728973673,0.6555637230575551,12.538150888867781,4.962169155589433,15.437284525266332,28.800504838091,5.282201407972098,9.208337483683174,4.709430384177978,15.556526548672565,0,66.03711585803279,2.211387,0
2013,nafta,6.300536604007729,49.23931396326829,10.381409327828928,3.0124009802531484,0.7445626603538729,14.803714423821418,3.6716934344019583,15.916396831230113,27.67468944111775,5.463400570629787,10.194755021774863,5.515538913358923,15.573094209161626,0,68.41165708752706,2.05862517,0
2014,nafta,6.523029672245563,49.25988335823416,10.321249481401207,2.7110481971147173,0.702530292603091,13.497769969854476,3.6603882094782785,16.251219057747743,26.911542143253246,5.4943708962519455,9.177045948439947,4.90900710614926,10.21697617091208,0,70.38689745286591,2.353568073,0
2015,nafta,6.333691982646298,50.13064715104466,10.819765530575886,2.7084406599824495,0.6759290055316169,13.867043518969005,7.13019670607471,16.776753671728578,27.67727643434985,5.680499315759954,10.143238868938537,4.982505795505498,16.03,0,70.90344331685776,1.860030491,0
2016,nafta,6.700907269191483,51.03382461717216,10.906795874322308,2.6518484086587577,0.7062786138126915,12.747918562945014,4.031995597378229,16.3416243177188,26.709002446841442,5.565968303048588,9.803331438767646,4.738288453891164,10.71,0,69.93440773440358,0.097165117,0
2017,nafta,6.206254989093086,53.2331080233309,11.569866148498207,2.2714746713327703,0.6460620949781338,15.261889933233148,3.896439552218999,17.589199078302176,28.53292612659043,6.171993687615395,10.072438507029798,5.232585421948631,14.450000000000001,0,72.95353440191671,1.5424014,0
2018,nafta,6.52029386456026,55.151446371713526,11.858502120880383,1.7618346008165138,0.7093519417782802,16.097062271166916,4.131862744951471,17.98172765380972,29.26064192716101,6.136219711787454,10.033303666982805,5.514478871985673,15.094283185840707,0,74.77036560378261,0.854936838,0
2019,nafta,6.9293762598358235,56.470963340123845,11.947994281909612,1.3889447431121642,0.6958152973383017,16.693320470492402,4.12673411460726,18.687938775326504,30.12938865761117,6.231916474456587,8.993514000156981,5.6739463237495755,14.51,0,76.72257411373877,0.797769459,0
2020,nafta,7.349327377109158,56.94946873921607,12.032568971671271,1.8529687110370965,0.733269891530679,16.55927325551854,7.61056054557346,18.86574547555634,30.430601542506942,5.967426273767622,11.068280139289651,6.232489970866582,21.259999999999998,0,76.20764709460983,0.3324026259999999,0
2021,nafta,8.397142565134015,55.56588623028687,12.946164852310707,1.9954418925066353,0.755124642926043,15.736494312580351,6.3143005830539245,17.947942179691076,29.453866533189853,5.777725161038635,10.467526208431641,5.617188155933489,13.092605745177055,0,78.97756203166794,0.040127037032529955,0
2022,row,25.927568111945305,44.85375492665886,7.6455834972576575,57.84620632719174,4.440436126632464,33.747383690003225,10.288328429797481,20.71640046655005,51.74499848008497,10.958696007004768,26.612344988948408,12.927621109022756,13.216716369109585,0,158.21949292893453,0,3.4273875230231283
2023,row,27.13809336749976,41.62608922630462,7.874902901070459,62.72587933929199,4.596846258427367,34.73108154469394,11.048089411205929,21.565466429176723,53.74147011411681,11.312614336418305,29.545526060434952,12.899332589571255,10.439811204572914,0,169.00061553947236,0,3.2278169633026295
2024,row,28.516351903838185,38.22232090410605,8.049362639202169,68.03105335902474,4.754402748059075,35.77839819415219,11.77929574205088,22.408725735449,55.73993089497296,11.669002529013316,32.38640136715803,12.913131415416245,9.71924558219408,0,177.71004304407762,0,3.1446996448786706
2025,row,30.086971510359177,34.87842920042709,8.21110970169094,73.88727831350954,4.902815021062954,36.80130967818137,12.446058288696637,23.19528621397424,57.614251804098956,12.004626757626362,34.98900594695216,12.953405570866341,9.408804385378122,0,185.49795489608093,0,3.1424512084010985
2026,row,31.83497019859812,31.570515251049123,8.379005424337317,80.20414179201502,5.039023667791454,37.788156449390385,13.028929626191005,23.90692312597032,59.3236821557896,12.312547642075883,37.28067031063071,13.026393068385442,9.343899987906134,0,192.36242605831868,0,3.2408239691831113
2027,row,33.70640806469448,28.148587742367184,8.55633560175314,86.88224772899832,5.164057042862266,38.742588042140206,13.53460965672473,24.549819812447684,60.88197983561167,12.595098298356412,39.286364592249726,13.129795014158272,9.499049140016234,0,198.38526315453473,0,3.432615108337302
2028,row,35.676388408559234,24.455190169199778,8.74183606444538,93.97166585703467,5.281360682207203,39.674219632232656,13.987127106491169,25.14525093805912,62.33582669521638,12.86010165471609,41.095023104235594,13.253949919766011,9.703559619217678,0,203.92930011370652,0,3.6882298139927485
2029,row,37.7176046341439,20.4012659320815,8.932737064502588,101.44661175553082,5.392668587125237,40.58959026046926,14.397546248402744,25.70356063739332,63.70833479929287,13.111490940783485,42.747973043428914,13.39527025471305,9.94867758518965,0,209.09775718641922,0,3.996328043272115
2030,row,39.79942010182986,15.935564264696906,9.123781543919545,109.26798050814959,5.499197457642007,41.490168525296134,14.775517723206935,26.23267238798,65.01642046576944,13.352032854819004,44.2805063649306,13.548899674138465,10.223180842741279,0,213.9722346110413,0,4.342431554282783
2031,row,41.89757980410203,11.037956235102715,9.309926491249906,117.40612516793587,5.601822555088774,42.37511378288135,15.129131547835602,26.738690698938072,66.27267805254532,13.583721857827996,45.721838521565275,13.70992222683071,10.522655057381263,0,218.61026418613184,0,4.712159416566379
2032,row,44.00197753224987,5.711252473134864,9.49234807562758,125.82235648713754,5.700908092038201,43.247329807050725,15.459785968006326,27.223461922691442,67.48161905983966,13.807380726244489,47.0775626105991,13.878731779255016,10.956274549551662,0,222.92050541617328,0,5.106328648180323
2033,row,46.10171609425084,0.5915756524230705,9.745801382255076,133.7056622397113,5.7846387838903475,44.08151549193146,15.680442444111652,27.61239603001574,68.48144475857274,13.996166537325212,48.02723320172893,14.0942105761257,11.487771665581565,0,226.27027615812023,0,5.642459422130798
2034,row,48.17149642628744,-3.6027751250201363,10.118999513429902,140.1657228199115,5.844899108323073,44.85917836063032,15.731991005934074,27.85449720117135,69.16127072132271,14.131644238775895,48.35299454023203,14.382230268305936,12.173861062753982,0,228.14484438194137,0,6.398943733644117
2035,row,50.194985980847434,-7.785825563761041,10.477697639114995,146.33777545587515,5.903000030788619,45.62789397482113,15.770247264295218,28.083887980218016,69.81249476694515,14.262225543948912,48.62891196562589,14.674114790674768,12.859286668240614,0,229.90348964907707,0,7.167869474829544
2036,row,52.17345472609135,-11.922695517789212,10.816374165022205,152.25303662903696,5.959291155329309,46.38285098706678,15.801149968752714,28.30396112513653,70.4411505767058,14.388716940458778,48.87568427557085,14.96454485950606,13.536048172580479,0,231.58130171594635,0,7.934136894686873
2037,row,54.09130360809947,-15.951852545713326,11.13221088449381,157.79287499787958,6.013698698026422,47.1288518630956,15.821154890020114,28.513192985101746,71.04511592964298,14.510939889837594,49.081302774035066,15.25748256727584,14.210016583688247,0,233.1617230133471,0,8.708849094165487
2038,row,55.94284762443735,-19.79571124308904,11.422633029017453,162.86242974423507,6.066133987814326,47.8690178034167,15.827605880137444,28.71031766903298,71.62243442793499,14.628685659489193,49.23668259111099,15.555702313317692,14.889105202813223,0,234.62747512944108,0,9.499809420054873
2039,row,57.72289811290199,-23.433777965152625,11.681855483454692,167.50270848443733,6.116826190069974,48.59610433698254,15.826870300468567,28.898431483766704,72.17797800970501,14.742491898918509,49.36364450897051,15.852650213697675,15.561312806763814,0,236.01368413581565,0,10.288569047262925
2040,row,59.44679853033482,-26.832203378048106,11.911742443400454,171.73566840299196,6.1657689802263205,49.31008245812651,15.818910913910788,29.077497799678603,72.71166353188633,14.852344273468901,49.462048192108,16.14833548816424,16.232476352529005,0,237.31417528504068,0,11.075158560824406
2041,row,61.146391119212474,-29.871529805298177,12.116798711863797,175.45874982758872,6.2126448120981115,50.02118212227608,15.794788822944628,29.243185326161086,73.21669719160661,14.9574973603339,49.5012709175619,16.45198324088774,16.921115389750895,0,238.47813440411912,0,11.885542249279283
2042,row,62.83363513845649,-32.450285095215335,12.29381555950885,178.59837235588526,6.2572731825165935,50.73060090254645,15.7522160755906,29.39401672473338,73.6902521199933,15.05753759365139,49.47322133903137,16.76537521363448,17.62902992166064,0,239.49146323003689,0,12.724826836115767
2043,row,64.50321275140912,-34.56503442219226,12.43676405584424,181.19247486193854,6.299894321582408,51.43231976399728,15.69691458296668,29.532901874487877,74.13708242111936,15.15302511752212,49.3975958509061,17.08282215812744,18.34268639213174,0,240.38986969857757,0,13.576965528381237
2044,row,66.17123493546495,-32.21409051553303,12.517653721797132,179.0738689165847,6.3139210526466,52.06457304853564,15.435950208993699,29.493026119019124,74.19418587320655,15.183567653701221,48.563065484792446,17.488195182215886,19.229139747145062,0,239.50734487596608,0,14.696305332390267
2045,row,67.78651148292809,-27.054143236556904,12.45208572338131,173.98529878404142,6.316206686633825,52.6674010072395,15.091084735275746,29.379942077030385,74.09146651806279,15.187445232696188,47.418742734876844,17.928994920610865,20.177591343273924,0,237.90369256915218,0,15.923474172519306
2046,row,69.35873987679565,-20.306800287476637,12.22591589465633,167.26881553856074,6.316360658677126,53.26434313419016,14.731315321145228,29.25368256529268,73.95985225508952,15.186482834731656,46.21927193444796,18.375819070199565,21.129594730098006,0,236.1775330436759,0,17.16908386370183
2047,row,70.86327301922805,-12.115676296189145,11.8345194634262,159.06749039000968,6.315178665780572,53.85196323829246,14.365612901469472,29.12036698575377,73.81139145630206,15.182499494092578,44.99660335366403,18.8221951587638,22.074166144816395,0,234.39164510930237,0,18.414475355469833
2048,row,72.26508572190988,-2.7188352113677823,11.282522096485824,149.5821399447217,6.313574205876786,54.42892279904725,14.002699874029016,28.98646487245188,73.65933203696672,15.17757781592925,43.78215910978747,19.262646712236073,22.997304352554462,0,232.61607307376997,0,19.6436754936731
2049,row,73.58100467016705,7.90252433729485,10.566817570140318,138.7889045044677,6.312034400907195,55.006848327281894,13.639762551654027,28.852794453206105,73.50797252673478,15.172801206034595,42.567798901516824,19.703505955446726,23.911329469477508,0,230.8521888533046,0,20.873962360301704
2050,row,74.81825170767941,19.40703210314561,9.710723839511175,127.07298256115907,6.311538853614274,55.58397376328096,13.28635455811649,28.726363945810455,73.37159363653078,15.170403703514673,41.38788582369085,20.138652174890137,24.807089331527283,0,229.1696771279213,0,22.087515672733886
2022,china,62.08728928097251,-27.79881418877569,79.76300120033575,37.16913571656867,11.543565617675249,25.199277729440468,23.057768430296875,17.285096343752343,65.18916673919844,12.763736273078251,55.57457979652622,10.29149158234178,0,23.23040529083354,244.1350878031432,2.3605409694427095,0
2023,china,82.89341712477143,-89.53858144397188,101.8944832529997,67.88920251007066,12.24313105209013,24.749361482836292,25.065158573071926,18.790623626746893,68.95051090765762,13.570917462837627,60.61103815563371,10.777922680826872,0,17.45441791927803,252.2130818609791,2.4492740083729565,0
2024,china,110.25678009576794,-175.5582921600371,130.31952144724067,110.93381667437512,12.916273930549917,24.245711827328222,27.019669977082685,20.252129979191018,72.55582803313392,14.347282479807237,65.52441722174768,11.233933939516977,0,15.392539539375274,263.48778692773294,2.512991047988244,0
2025,china,145.45231683777908,-291.9791204190455,166.44275782419584,169.18768342051845,13.584379717870977,23.683043574702992,28.97992104259626,21.714101079174206,76.12177273355789,15.117545954247891,70.46063969565643,11.675837894790913,0,14.19838115919596,275.5356228517935,2.6028647258696367,0
2026,china,189.57067556922397,-433.73949179710894,201.45459542287597,245.15069218169538,14.251786335213168,23.072859157100652,30.953723626893208,23.1832772804611,79.67448990963794,15.886779598148802,75.43736701999762,12.109085352379257,0,13.768237101459341,288.3376053812911,2.7565575756218763,0
2027,china,244.55119070926168,-614.6941561249158,243.65739605345627,342.58801703781626,14.92158006703825,22.39596551057295,32.95551525434706,24.66942525186144,83.22717670805395,16.6584644250851,80.49315594430863,12.532891126777113,0,13.821399462031692,301.6755737500762,2.9806249916675043,0
2028,china,312.06308255666465,-841.0692451612626,294.148158461512,464.992831852707,15.592924192447938,21.65278039106508,34.98293401189774,26.17076615243328,86.77531058200734,17.431634439580982,85.62209685037737,12.94665291469867,0,13.925793602078937,315.1008931365874,3.2554581273867313,0
2029,china,392.9365206503142,-1116.5618575329727,353.5982052099735,614.4611181388556,16.26114859734182,20.863873484009105,37.016881486644195,27.67405976341061,90.29724929763663,18.200982819469587,90.77389046448155,13.350115593216113,0,14.063110901552179,328.5013124077618,3.573873835063793,0
2030,china,487.799604527028,-1444.071215054595,422.48972818626225,792.6519481611901,16.92294421906868,20.042452187803775,39.044268826201474,29.17017288901826,93.77738806539213,18.96274299467708,95.91419494586873,13.742865458818667,0,14.213592169670363,341.79062175651916,3.9245593623670914,0
2031,china,599.3986456757908,-1833.0241978506078,502.04051576911473,1004.9325923624394,17.580231792444,19.13781127602047,41.08665317603551,30.672222019369478,97.21628886263055,19.718901069312473,101.10380490111467,14.117811516500648,0,14.359095545144356,354.99282015857216,4.334557909004445,0
2032,china,727.7002328400282,-2284.2556377744186,592.5308640127539,1251.8214517988902,18.229027427711276,18.183622058929586,43.12251255555503,32.16598458062958,100.59867240755014,20.465005002009807,106.28450386285675,14.477482661456403,0,14.30747767058343,367.834288227282,4.783462286352332,0
2033,china,871.5426360032977,-2794.533642716875,693.6023123237184,1531.547635509533,18.864427622555528,17.220567898957853,45.12560363841638,33.634093036156,103.90558235945181,21.19557153723743,111.38535900294048,14.824862018281234,0,14.309963989686205,380.46603110368295,5.360031364349439,0
2034,china,1034.9297583255964,-3377.4208391311427,807.015271800659,1851.874432583376,19.490067868873926,16.17260513998818,47.13026488232693,35.09775495992143,107.14201637327714,21.91445259301917,116.50251930315116,15.14992270589823,0,14.428263765122432,393.02786759157857,6.140443222803384,0
2035,china,1215.421139056608,-4025.2754240231516,931.7824210939425,2208.557009426059,20.09971138543807,15.098981870232592,49.10068377518867,36.53351814576562,110.28534484093986,22.61470889607377,121.53864196398405,15.457736969786819,0,14.509907027662274,405.23923487507176,6.9309449364373705,0
2036,china,1410.383677324735,-4729.273577506181,1066.6018458824103,2596.671006150724,20.68918817203182,14.04087564966838,51.01240845771639,37.92541822085464,113.32074590624443,23.291708022198144,126.42715788236669,15.751962497932762,0,14.539611142542002,416.99907595155526,7.714404317109057,0
2037,china,1621.9994298410377,-5496.895898677453,1212.4258149208713,3020.5436167192743,21.261165412781928,12.955462093996374,52.88642612627018,39.28665990176172,116.25444538872335,23.948336242309654,131.2262978617665,16.027451496512054,0,14.547616675897194,428.393861200019,8.50611623455012,0
2038,china,1853.376846703489,-6339.277869539038,1370.8715715909043,3486.578888099206,21.81906998571293,11.8003952789511,54.74559024196981,40.631907234875435,119.09694463610558,24.588360884748546,135.99884394488012,16.27974913574901,0,14.52780770324369,439.48866904623617,9.310569644463868,0
2039,china,2102.8950775651083,-7251.259180108192,1541.2418091083246,3991.922249688905,22.36134382309424,10.604404214931407,56.57643668507339,41.9527723754769,121.84533962275728,25.210113168324742,140.7072551578854,16.512494958709137,0,14.461595304138772,450.23175531039124,10.108100285634976,0
2040,china,2368.045532128904,-8224.291440542742,1722.2812115661377,4531.777888447653,22.886471719299312,9.399591893526633,58.36452103183474,43.240342058829754,124.49762823412092,25.811989589300527,145.3110697006028,16.72993772032346,0,14.343298316904205,460.5848502647424,10.902576811319818,0
2041,china,2651.4423894588526,-9268.021372416128,1915.4892549382912,5111.688550489955,23.397942160070404,8.154964485887774,60.12917860815372,44.50734437466281,127.0668917532723,26.397881547806303,149.8626979281486,16.929605856506758,0,14.191537636502616,470.63804435101133,11.71880349029695,0
2042,china,2943.112971700839,-10346.641200573995,2115.3964789925444,5711.293326505069,23.888962436245954,6.97948526659161,61.81699246369807,45.72016820159095,129.53725456954652,26.96043790244211,154.21393483911046,17.124592477484793,0,14.012659955345988,480.2544881120565,12.553885824461531,0
2043,china,3248.6176061740266,-11480.223287915183,2325.068023192165,6342.043310508437,24.36627244270999,5.805104510306904,63.46796865701724,46.904887963773504,131.93237783138352,27.507139000856114,158.47379437852072,17.30873104344254,0,13.795503598357264,489.56177942636776,13.393750914977858,0
2044,china,3582.125094871381,-12721.251371085267,2552.884667347326,7033.889970808094,24.841663504124178,4.4980971859448005,65.15685635729908,48.109784811168545,134.2907598348127,28.051003326063075,162.8469251846261,17.468733908656045,0,13.739863686233274,499.0036877989278,14.489798091528257,0
2045,china,3945.8647517071336,-14079.341193269502,2800.705121031554,7792.368775877398,25.31704307522207,3.058847067451296,66.888606594029,49.33867131218816,136.62297427963884,28.594239252056596,167.34553078044777,17.606201721890248,0,13.728870219035723,508.50098430195976,15.689082418505336,0
2046,china,4339.433556630249,-15554.473954165762,3068.8967067078447,8617.505345430785,25.792805184622676,1.512190446994964,68.65621214833585,50.58783958807253,138.9360923650359,29.137418122678422,171.9486279261848,17.72568216261065,0,13.67945818722827,517.976326131764,16.900774412905207,0
2047,china,4741.98261913308,-17069.22751161074,3345.1664326434357,9465.039830175407,26.257270321917517,0.04856074868695259,70.36682793916604,51.798938786456574,141.2034252423905,29.66791457463305,176.39846610717626,17.85021239552537,0,13.60631149412426,527.1979276100766,18.109186916908726,0
2048,china,5175.076032825499,-18705.097466650874,3643.022367302429,10381.458755823134,26.725817727747692,-1.5009003129364942,72.11614566117223,53.033932167246654,143.47628260918725,30.202734260426137,180.95668938990363,17.963408144375858,0,13.506109096616765,536.4802187437398,19.303604795794826,0
2049,china,5660.189909193099,-20545.358481724812,3976.7456455602623,11414.354627960274,27.211218333185013,-3.2736511270337587,73.98273201729276,54.343772594066145,145.79781720901877,30.756011529889744,185.8379452900385,18.052134304063348,0,13.614991725960412,546.3229718764809,20.500058170034578,0
2050,china,6174.762096450826,-22505.563777431456,4332.789670090942,12515.403870175329,27.700658242511093,-5.072117169699311,75.86840723957094,55.66650369048752,148.13650657609264,31.313841951589165,190.77022931612024,18.139731383302387,0,13.774970510405868,556.2987317403806,21.68347519050539,0
2022,eu30,96.12227570129924,-189.17410104883044,150.016170560522,17.726811949000012,0.8768750040982685,2.4843450569979098,1.1013598754120686,5.026496679604708,12.467687134074083,6.101143693794041,0.29494237837842263,4.444293396351483,0,0.579197588113668,33.37634080682465,1.0007561405171321,0
2023,eu30,80.22364482711335,-149.8672602653871,123.54134665926429,8.23929729875753,0.9364807553330756,2.9293242799709702,1.210948996908563,5.185118591919814,13.34514334811064,6.3465135775207475,0.21402277617887222,4.622510622971554,0,0.8960625474354755,35.68612549634971,0.7345350763082905,0
2024,eu30,84.24079053409757,-157.16894898098005,128.4126421286775,5.002851806991228,0.907912954428646,2.706072853067198,1.117101548324797,5.149237093988916,13.037563040338625,6.487285135395476,-0.21348974896686457,4.5706881644240624,0,1.0512026505365986,34.81357369153745,0.6009026115793228,0
2025,eu30,84.13790804968885,-156.33831731624034,127.16767781330343,1.8854092773305635,0.8871937842635091,2.543141068583836,1.0448323832780169,5.1272984749040305,12.825981814316094,6.615673404320221,-0.5709988440785452,4.536521698204304,0,1.2237407501093314,34.2333845339008,0.517493807607611,0
2026,eu30,81.0938718199414,-149.52697513909786,121.63107256043413,-0.9966445246128477,0.875294466849116,2.4475631433362963,0.9950316477927323,5.122757253660247,12.727145079540037,6.741275557190816,-0.8699279447390253,4.523643103078577,0,1.2389641493931332,33.80174645610193,0.46824330953606363,0
2027,eu30,77.7209410857432,-141.85445323460004,115.73936955898476,-3.5580980189188915,0.8696599788917485,2.399771075186578,0.9609575523402221,5.13079983140976,12.709028586723974,6.866354950508212,-1.1298752417221323,4.5260748353645965,0,1.1488329347808461,33.48160450348381,0.4405554982966322,0
2028,eu30,75.75225815585762,-136.84008131453783,112.04940368992607,-5.855465060386014,0.8652785091527448,2.361640991106853,0.93046116436172,5.1409393788526,12.705875182039819,6.988627196959895,-1.3771483699684808,4.531217372246424,0,1.0747174888759612,33.221608913627534,0.42522576405651513,0
2029,eu30,75.20742243250788,-134.53872840208484,110.54268137128821,-8.013887741965585,0.8606469248372317,2.321758949095994,0.899981995222209,5.149949888022366,12.697735674156121,7.106886993154971,-1.6186986836103614,4.5352242563846445,0,1.0139679132861734,32.96745391054935,0.4183747270437017,0
2030,eu30,75.8265990003605,-134.50312737315156,110.80236348925908,-10.094890780838846,0.8543996224590025,2.269775699031939,0.8663696587714504,5.154818589910594,12.666255578689572,7.219512017396317,-1.8598898848483358,4.534532403656499,0,0.9638119826015048,32.66958566766854,0.4169230521887126,0
2031,eu30,77.34305561202875,-136.26225413286946,112.41542237270734,-12.12438904359603,0.845789910952444,2.2000448017998337,0.8279527906383954,5.153848393801326,12.601258928974943,7.325294970107011,-2.1030768148008576,4.527151937028236,0,0.9161551129864431,32.294420031487775,0.421391911007829,0
2032,eu30,79.48211042117485,-139.30450761133187,114.9669635187056,-14.108050989358585,0.8349260354552612,2.113409158063206,0.7850745130824457,5.147187371903268,12.503945258644364,7.423780435780616,-2.346780330041888,4.513289353396935,0,0.7990892105666889,31.773921006850895,0.429193182478107,0
2033,eu30,82.00010312328581,-143.1559510349535,118.09467507817129,-16.041215226820537,0.8225008962282274,2.015149177883586,0.7394544175959297,5.136246547166589,12.383296484886301,7.515034395918056,-2.586912406516319,4.4946540960363635,0,0.7004704788313298,31.219894088030063,0.44765413457751,0
2034,eu30,84.77162282924428,-147.61161484374026,121.61594865957787,-17.900936178020395,0.80839457787628,1.9043671824402253,0.6908618249550642,5.120716717712735,12.237575235623552,7.5986270303730326,-2.8234254231474196,4.470895923368616,0,0.618275377091289,30.626288446293376,0.47964753507886293,0
2035,eu30,87.72691490915221,-152.5668250861836,125.42987207931971,-19.67007196636818,0.7924536859437801,1.7798967634936105,0.6389266925139125,5.100275173978616,12.06476400222823,7.674477200262045,-3.057104314887745,4.4416277479341275,0,0.5425410222573714,29.977857973723946,0.5095194697965013,0
2036,eu30,90.82451044840927,-157.94886368806445,129.47453841053178,-21.346052851116415,0.7747359280068,1.6421578015520453,0.5837098795234681,5.075119433552548,11.865835970101472,7.743105320064908,-3.288537911454796,4.407058888591578,0,0.4707286238666111,29.273913933804636,0.537265732025558,0
2037,eu30,94.03662134330857,-163.69583152003005,133.70606225200785,-22.936792695051945,0.7554308184698506,1.4925595816207533,0.5255370069235283,5.045775991130306,11.643643346726009,7.805434176174321,-3.518240925045852,4.3677745269174295,0,0.40473156149928613,28.52264608441563,0.563789045829159,0
2038,eu30,97.35684757837029,-169.79647482420057,138.1116524533627,-24.449733709246566,0.7344818183485344,1.3306372582392783,0.4641271041108297,5.012266347046307,11.397837740263384,7.862337823667064,-3.7481340902353466,4.323749520466208,0,0.3422426997736405,27.7195462216799,0.5890610399162508,0
2039,eu30,100.75691084007552,-176.16978034461664,142.6445156418318,-25.903254882118965,0.7122377826317798,1.158999113077897,0.4001379108908125,4.975502989214846,11.133509957541776,7.915150133700349,-3.978506548612053,4.276013633566265,0,0.28138848636088554,26.87443345837256,0.6124871655967752,0
2040,eu30,104.24966497055713,-182.83752849235802,147.31728507792397,-27.31424517250483,0.6884981414851854,0.9760702980497911,0.3328797542810449,4.935263905213443,10.848584685866598,7.965051923505252,-4.212707178232193,4.224228055781154,0,0.26115271515754657,26.01902230110782,0.635125534331948,0
2041,eu30,107.8853455479742,-189.94272744835223,152.19953164760508,-28.682175842079214,0.6622433412895372,0.7740548890666616,0.25971401888825696,4.8895781364944035,10.530141889570018,8.012623606675318,-4.4579739316010105,4.165965550626581,0,0.2828892657554629,25.119236766765233,0.6583587293490982,0
2042,eu30,111.59502066435658,-197.32208281817745,157.1873151613276,-30.0164820656857,0.6339482363805242,0.5565278016569124,0.1816377434120966,4.839588913939458,10.184832954784412,8.05904472296852,-4.713552387648122,4.102545107365621,0,0.3071929853652837,24.15176607822471,0.6835310088771465,0
2043,eu30,115.26360834280851,-204.6864250205875,162.1110972134407,-31.329541200022962,0.6047745799318243,0.33230253610527427,0.10136885044965993,4.787822546335278,9.828169141223157,8.105459018734296,-4.974452862679037,4.0369671941280245,0,0.33226970132722133,23.1546807055557,0.708673113340458,0
2044,eu30,118.79989481906989,-211.8319096435472,166.84086113255097,-32.61328294462582,0.5752956910457154,0.10573759845544828,0.020286250443582787,4.735489199337966,9.467702305628393,8.152195649484332,-5.237788358767489,3.9706819356326335,0,0.36623681127916274,22.155837082539744,0.7447339012253273,0
2045,eu30,122.09452803643971,-218.5260635584987,171.22280088660716,-33.84996027764667,0.5460328773178826,-0.11919754005280936,-0.060329875344606876,4.683663640293847,9.11022712490859,8.199389061510294,-5.500636277673401,3.904986467848296,0,0.4037818820216943,21.167917360829787,0.7828960739152411,0
2046,eu30,125.11232603496615,-224.75862146345776,175.2155686950811,-34.99395258076388,0.5162222777695078,-0.3482955342050218,-0.14225712359686682,4.630675616689629,8.745518983507793,8.246228105906352,-5.766170661894243,3.837900273910229,0,0.44146840897280226,20.16129034706018,0.8189311667427486,0
2047,eu30,127.81468465074816,-230.54686809495902,178.77760959552504,-35.97635311523963,0.48467607776752075,-0.5905603641550243,-0.22824444786319376,4.573913063153004,8.357636813190567,8.291356182686881,-6.03915528710003,3.7663312374765425,0,0.4807326628695372,19.096685938025804,0.8551818643730371,0
2048,eu30,130.17003174663336,-235.92618321420653,181.87740147864795,-36.727188921625526,0.4500216449308905,-0.8564079690667938,-0.32151400718824164,4.5104016734688805,7.928283534635284,8.333489988243867,-6.3256083736907485,3.686743099447881,0,0.5248694429096519,17.93027903369067,0.8891701961852654,0
2049,eu30,131.974113782414,-240.39648753810548,184.22101064640253,-37.25073736613672,0.4139001142468022,-1.1333741224705989,-0.41816859885309654,4.443654088661468,7.479213005692287,8.373884044387898,-6.617829482013249,3.6033274709125322,0,0.5820149767287917,16.726621497292836,0.9193565842797966,0
2050,eu30,133.07810320644242,-243.48758534470974,185.58371623386995,-37.61154820911292,0.37883072906592297,-1.4023437659675722,-0.512301523628242,4.37913601160416,7.044025808438022,8.414937721233878,-6.904852692345081,3.5225803105725717,0,0.6420808593419798,15.56209345831564,0.9473800045290925,0
2022,nafta,8.566761858049864,55.78262170183281,13.34502686278799,1.9392801964487325,0.7659006994323667,16.00604781636536,5.955367900065344,18.226099552084133,29.884857623814234,5.960578271859433,10.604115169983016,5.606970551240163,10.592886509837623,0,82.41705107500643,0.06609041306328761,0
2023,nafta,7.9489369001319385,57.177955570361135,13.593456668867416,1.8721336370275472,0.7746806101437165,16.299920446029027,5.156160519830507,18.5728610195624,30.42834731254886,6.260436509591763,10.724851518700516,5.546516127521518,7.9106692621405905,0,85.85310480178771,0.04400787862138389,0
2024,nafta,6.511344848023157,59.83274541327959,13.54951819594426,1.7508177318222868,0.7838943169541686,16.592646554073404,4.424387415605526,18.911409183043936,30.958109099100575,6.54327679004116,10.849559553852997,5.494073531493907,6.724496607717787,0,87.8328598364479,0.030805985311099404,0
2025,nafta,4.599607374545147,63.42847793371629,13.362176935059164,1.616614602458749,0.7931830801996174,16.869689666017813,3.809964566156758,19.223483882108034,31.445385264852213,6.791708094700629,10.972984245644104,5.453888482550251,6.013317523927166,0,89.34696975830225,0.02209267492385203,0
2026,nafta,2.3866506617882117,67.65979971837795,13.102674513555218,1.488528776953162,0.8024777785697879,17.132988842853372,3.2901596989840023,19.513235444310975,31.89691282047439,7.012010995503109,11.094716255041652,5.423451270694837,5.663301262946344,0,90.50265184348578,0.016023084025171885,0
2027,nafta,-0.11058309453141386,72.32439147407662,12.758942939256864,1.3663927502056692,0.8116682080181388,17.385509531054822,2.8295901504920202,19.78707694329169,32.32310630137483,7.213942715012925,11.21408690116622,5.398849059806615,5.471183256796298,0,91.49264655342098,0.011434618373166339,0
2028,nafta,-2.930200850776218,77.25684816900069,12.290187599377486,1.2449230356551302,0.8208894051015827,17.63384984213416,2.401779570218334,20.05370408554124,32.73770816868271,7.406338193825487,11.333217609230585,5.377692934347587,5.296951471737223,0,92.46822833734447,0.007545922549516304,0
2029,nafta,-6.123811176699771,82.42684826665445,11.657277584431368,1.1163351339447423,0.8300355365291419,17.879012209360816,1.9853434674685602,20.316289945586746,33.145939698947764,7.594817852278922,11.451231377424447,5.3575208487449535,5.128401229648708,0,93.43178970669264,0.004079481164617496,0
2030,nafta,-9.76032124524206,87.95913865615856,10.827658380905353,0.968967823853549,0.8388536859587477,18.118548806165073,1.5622342543466416,20.57458133313897,33.54773245333892,7.782971442803346,11.565416021150925,5.33584951920398,4.954223309530583,0,94.37196420657602,0.000949139726984162,0
2031,nafta,-13.86075024223965,93.96365267033394,9.807694518121957,0.8017907196068511,0.8474543671107111,18.35496432457188,1.1305434279974698,20.831010705030405,33.94683371758637,7.972146485499966,11.677139276757023,5.312756494878748,4.75259560074954,0,95.32025319868302,0,0.043790403445896686
2032,nafta,-18.45581028786601,100.57673860144237,8.602563687790603,0.6134272373819398,0.8558868691935837,18.589392461024637,0.6893064874068422,21.08668979878289,34.34495778834593,8.162977709949473,11.787013268458866,5.288264707110175,4.150292331598472,0,96.65419675867392,0,0.10632682065012489
2033,nafta,-23.62397119424843,107.99277950503622,7.188565997171995,0.3924346997612292,0.8639763023883831,18.819281103541236,0.23190945844108413,21.340053029252267,34.73983105593442,8.35620100070093,11.893053167834958,5.26126038438344,3.5226628029359803,0,97.98290269954074,0,0.16522607679614154
2034,nafta,-29.40211448005666,116.30101915919762,5.559408812433479,0.13591402643843387,0.8717887591353883,19.045696167044802,-0.2398405668028154,21.5918561779197,35.13257552447412,8.55174440254081,11.996021969567467,5.232093206639419,2.872678079459728,0,99.30925756105916,0,0.2211470242381175
2035,nafta,-35.867665552637135,125.63823420089281,3.680027423245086,-0.17010510843219845,0.8791753616319202,19.266285174742826,-0.7303456820751997,21.840475376148667,35.52078961573984,8.74986869390463,12.09420715620402,5.199941395614417,2.1931613816790296,0,100.62723571023209,0,0.2725949314043561
2036,nafta,-43.11528985954969,136.15760813123939,1.5007739406765324,-0.5461586435033313,0.8859333602380692,19.477849153872704,-1.2456333377751925,22.083706845700956,35.901215048743346,8.950938676957284,12.18527713620181,5.163682472594596,1.4742915938281165,0,101.92867776270546,0,0.31753315444771957
2037,nafta,-51.05890091027702,147.68885856756498,-0.9304597825212941,-0.9701197802173731,0.892565774403943,19.68813446165082,-1.7694510013318343,22.326710321011006,36.28144275221168,9.15366268442658,12.274992348974456,5.126234867546481,0.7423316537082592,0,103.23196055518486,0,0.36105618621379065
2038,nafta,-59.8144758554101,160.4257633354668,-3.6774234185541714,-1.4694066909825259,0.8987403588041456,19.891923274618378,-2.311841859947183,22.565913831606977,36.65619639965518,9.358687945029988,12.359535116879838,5.085742099400245,0,0.019054799795878097,104.52395196584345,0,0.3998212643252508
2039,nafta,-69.4791198933587,174.5388305184613,-6.790417853888551,-2.066994250333588,0.9042762762909553,20.086332421164805,-2.8779776451105725,22.799303347956812,37.022492317590014,9.566279011100088,12.43682202967449,5.041224018220661,0,0.8183290162641477,105.79708079315141,0,0.4320184039688506
2040,nafta,-79.97170748498681,189.89234910797927,-10.212021087454213,-2.7356103706841437,0.9096568075724869,20.278796982641516,-3.4521937265418607,23.031824315478854,37.38760464084378,9.77518005777759,12.512386554572727,4.995489661793456,0,1.628025320467243,107.0667706146058,0,0.4625437848273499
2041,nafta,-91.35177161289404,206.60046660896833,-13.957456962484475,-3.479394390500422,0.9149025829527331,20.469572359334997,-4.033398338591635,23.26358755472226,37.75168331625508,9.985211516324673,12.586457015889474,4.948702462982157,0,2.4466884874928336,108.33340695736257,0,0.49161997036677363
2042,nafta,-103.9116898435953,225.18214475943392,-18.177104859616932,-4.3670688272742115,0.9193524250693721,20.648296770572806,-4.641726703922007,23.487520067545123,38.104284860645095,10.197705751874368,12.651438908086421,4.897152645650768,0,3.3091769809493865,109.57320170647132,0,0.5125899972229213
2043,nafta,-117.72590760114123,245.75395386908573,-22.90985578832415,-5.416445306730429,0.9230053726965279,20.81488970028117,-5.276761384984294,23.703505677142328,38.44522454840611,10.412531704044197,12.707312860940776,4.840880768529982,0,4.214913092447249,110.78550233950405,0,0.5254584999370842
2044,nafta,-132.53773047438332,267.8353340641021,-28.016193441007196,-6.559182250059288,0.9266523680116929,20.981574155456656,-5.913238653330001,23.91972661059989,38.7865489336667,10.627745178437694,12.763141961786944,4.784445744984655,0,5.1230392496326305,111.99963554924685,0,0.5382266603633248
2045,nafta,-148.45208358681754,291.6019928279267,-33.55748737415852,-7.824356243393588,0.930055032116645,21.14456895250487,-6.558108294182727,24.133559373369046,39.124375209203784,10.84373433394869,12.816182335698857,4.726541922352666,0,6.044939242216514,113.20584810722833,0,0.5485043199012551
2046,nafta,-165.7316966312629,317.5190074548563,-39.683642951562,-9.286902020212716,0.932650720877864,21.29507874768221,-7.228656714154969,24.33902103671242,39.44987389380664,11.06167819438418,12.859974094753897,4.663996758079097,0,7.008668133896959,114.3822848660383,0,0.55062171594615
2047,nafta,-184.18272665481396,345.2296952411955,-46.29108133328571,-10.89662989413853,0.9349652561385606,21.441250685477094,-7.9082334083832855,24.541585538053102,39.771108597079255,11.280327401128119,12.900545121718556,4.599826128923764,0,7.987121987822623,115.54849730795777,0,0.5498934258119093
2048,nafta,-203.7024558422302,374.543133378416,-53.321946402485956,-12.623766281217804,0.9372739833982704,21.587364346948014,-8.588210461781731,24.744140885550017,40.092336381888295,11.499054849070356,12.941053603075597,4.535599922521169,0,8.966325813028082,116.71493932369808,0,0.5490994983070188
2049,nafta,-224.44000573508762,405.72754452165395,-60.85839715831645,-14.50967410271218,0.9393001501505822,21.729087572751936,-9.277050283566883,24.94373462847259,40.40919888328981,11.718428446101028,12.978321306061654,4.469761789626144,0,9.714322766788285,117.62510525967515,0,0.5454523940126812
2050,nafta,-246.18397197530032,438.3972284409825,-68.78480370705522,-16.495501848099074,0.9414777785742894,21.873142097869362,-9.960988417837736,25.144880104226953,40.72834402687351,11.937410743167304,13.017323357573327,4.404803230306689,0,10.39003796177937,118.47643088253307,0,0.5433395223005917
